Rk,Player,Nation,Pos,Squad,Age,Born,MP,Starts,Min,Gls,Ast,PK,PKatt,CrdY,CrdR,Gls,Ast,G+A,G-PK,G+A-PK,xG,npxG,xA,xG,xA,xG+xA,npxG,npxG+xA,Matches
1,Patrick van Aanholt\Patrick-van-Aanholt,nl NED,DF,Crystal Palace,27,1990,36,36,3195,3,2,0,0,3,0,0.08,0.06,0.14,0.08,0.14,2.7,2.7,3.9,0.08,0.11,0.19,0.08,0.19,Matches
2,Sergio Agüero\Sergio-Aguero,ar ARG,FW,Manchester City,30,1988,33,31,2459,21,8,2,2,4,0,0.77,0.29,1.06,0.7,0.99,20.7,19.2,5.5,0.76,0.2,0.96,0.7,0.91,Matches
3,Nathan Aké\Nathan-Ake,nl NED,DF,Bournemouth,23,1995,38,38,3411,4,0,0,0,3,0,0.11,0,0.11,0.11,0.11,3.4,3.4,0.8,0.09,0.02,0.11,0.09,0.11,Matches
4,Marc Albrighton\Marc-Albrighton,eng ENG,FWMF,Leicester City,28,1989,27,18,1625,2,2,0,0,3,0,0.11,0.11,0.22,0.11,0.22,1.1,1.1,3.1,0.06,0.17,0.23,0.06,0.23,Matches
5,Toby Alderweireld\Toby-Alderweireld,be BEL,DF,Tottenham,29,1989,34,33,2922,0,0,0,0,3,0,0,0,0,0,0,1.1,1.1,0.6,0.03,0.02,0.05,0.03,0.05,Matches
6,Trent Alexander-Arnold\Trent-Alexander-Arnold,eng ENG,DF,Liverpool,19,1998,29,27,2462,1,12,0,0,3,0,0.04,0.44,0.48,0.04,0.48,1.5,1.5,6.1,0.05,0.22,0.28,0.05,0.28,Matches
7,Alisson\Alisson,br BRA,GK,Liverpool,25,1992,38,38,3420,0,0,0,0,1,0,0,0,0,0,0,0,0,0,0,0,0,0,0,Matches
8,Dele Alli\Dele-Alli,eng ENG,MFFW,Tottenham,22,1996,25,22,1825,5,3,0,0,4,0,0.25,0.15,0.39,0.25,0.39,5.3,5.3,2.4,0.26,0.12,0.38,0.26,0.38,Matches
9,Miguel Almirón\Miguel-Almiron,py PAR,FWMF,Newcastle Utd,24,1994,10,9,759,0,0,0,0,0,0,0,0,0,0,0,1.7,1.6,0.8,0.2,0.1,0.3,0.19,0.29,Matches
10,Marcos Alonso\Marcos-Alonso,es ESP,DF,Chelsea,27,1990,31,31,2759,2,4,0,0,6,0,0.07,0.13,0.2,0.07,0.2,2.7,2.7,3.9,0.09,0.13,0.22,0.09,0.22,Matches
11,Daniel Amartey\Daniel-Amartey,gh GHA,DF,Leicester City,23,1994,9,7,641,0,0,0,0,2,0,0,0,0,0,0,0.4,0.4,0.2,0.05,0.02,0.08,0.05,0.08,Matches
12,Luke Amos\Luke-Amos,eng ENG,MF,Tottenham,21,1997,1,0,3,0,0,0,0,0,0,0,0,0,0,0,0,0,0,0,0,0,0,0,Matches
13,Felipe Anderson\Felipe-Anderson,br BRA,FWMF,West Ham,25,1993,36,36,3043,9,4,0,0,3,0,0.27,0.12,0.38,0.27,0.38,5.2,5.2,6.7,0.16,0.2,0.35,0.16,0.35,Matches
14,Florin Andone\Florin-Andone,ro ROU,FW,Brighton,25,1993,23,8,881,3,0,0,0,5,0,0.31,0,0.31,0.31,0.31,2.2,2.2,0.1,0.23,0.01,0.24,0.23,0.24,Matches
15,Michail Antonio\Michail-Antonio,eng ENG,FWMF,West Ham,28,1990,33,22,2103,6,4,0,0,3,0,0.26,0.17,0.43,0.26,0.43,7.4,7.4,3.4,0.32,0.15,0.46,0.32,0.46,Matches
16,Stuart Armstrong\Stuart-Armstrong,sco SCO,MFFW,Southampton,26,1992,29,16,1432,3,2,0,0,2,0,0.19,0.13,0.31,0.19,0.31,2.3,2.3,1.4,0.15,0.09,0.24,0.15,0.24,Matches
17,Marko Arnautović\Marko-Arnautovic,at AUT,FW,West Ham,29,1989,28,24,1990,10,4,1,1,3,0,0.45,0.18,0.63,0.41,0.59,9.5,8.7,3.6,0.43,0.16,0.59,0.4,0.56,Matches
18,Kepa Arrizabalaga\Kepa-Arrizabalaga,es ESP,GK,Chelsea,23,1994,36,36,3240,0,0,0,0,2,0,0,0,0,0,0,0,0,0,0,0,0,0,0,Matches
19,Harry Arter\Harry-Arter,ie IRL,MF,Cardiff City,28,1989,25,24,1997,0,1,0,0,10,0,0,0.05,0.05,0,0.05,1.2,1.2,0.7,0.05,0.03,0.08,0.05,0.08,Matches
20,Christian Atsu\Christian-Atsu,gh GHA,MFFW,Newcastle Utd,26,1992,28,15,1493,1,0,0,0,2,0,0.06,0,0.06,0.06,0.06,2,2,1.2,0.12,0.07,0.2,0.12,0.2,Matches
21,Pierre-Emerick Aubameyang\Pierre-Emerick-Aubameyang,ga GAB,FW,Arsenal,29,1989,36,30,2726,22,5,4,5,0,0,0.73,0.17,0.89,0.59,0.76,20.8,16.8,4.2,0.69,0.14,0.83,0.56,0.69,Matches
22,Serge Aurier\Serge-Aurier,ci CIV,DFMF,Tottenham,25,1992,8,6,564,0,2,0,0,1,0,0,0.32,0.32,0,0.32,0.1,0.1,0.5,0.02,0.08,0.09,0.02,0.09,Matches
23,Charlie Austin\Charlie-Austin,eng ENG,FW,Southampton,29,1989,25,11,983,2,2,0,1,1,0,0.18,0.18,0.37,0.18,0.37,3.6,2.9,0.4,0.33,0.04,0.36,0.27,0.3,Matches
24,Jordan Ayew\Jordan-Ayew,gh GHA,FW,Crystal Palace,26,1991,20,14,1181,1,2,0,0,3,0,0.08,0.15,0.23,0.08,0.23,2.3,2.3,1.1,0.17,0.08,0.26,0.17,0.26,Matches
25,Floyd Ayité\Floyd-Ayite,tg TOG,FWMF,Fulham,29,1988,16,3,476,1,0,0,0,0,0,0.19,0,0.19,0.19,0.19,0.4,0.4,0.3,0.07,0.06,0.13,0.07,0.13,Matches
26,César Azpilicueta\Cesar-Azpilicueta,es ESP,DF,Chelsea,28,1989,38,38,3402,1,5,0,0,4,0,0.03,0.13,0.16,0.03,0.16,0.9,0.9,2.3,0.02,0.06,0.08,0.02,0.08,Matches
27,Ryan Babel\Ryan-Babel,nl NED,FW,Fulham,31,1986,16,15,1251,5,3,0,0,3,0,0.36,0.22,0.58,0.36,0.58,4.7,4.7,2.3,0.34,0.16,0.5,0.34,0.5,Matches
28,Juninho Bacuna\Juninho-Bacuna,cw CUW,MFDF,Huddersfield,20,1997,21,16,1412,1,0,0,0,4,0,0.06,0,0.06,0.06,0.06,0.5,0.5,1.6,0.03,0.1,0.13,0.03,0.13,Matches
29,Leandro Bacuna\Leandro-Bacuna,cw CUW,MFDF,Cardiff City,26,1991,11,4,561,0,0,0,0,2,0,0,0,0,0,0,0.1,0.1,0,0.01,0,0.02,0.01,0.02,Matches
30,Eric Bailly\Eric-Bailly,ci CIV,DF,Manchester Utd,24,1994,12,8,638,0,0,0,0,0,1,0,0,0,0,0,0.2,0.2,0,0.03,0,0.03,0.03,0.03,Matches
31,Leighton Baines\Leighton-Baines,eng ENG,DF,Everton,33,1984,6,5,375,0,0,0,0,0,0,0,0,0,0,0,0.1,0.1,0.2,0.01,0.04,0.05,0.01,0.05,Matches
32,Fabián Balbuena\Fabian-Balbuena,py PAR,DF,West Ham,26,1991,23,23,2013,1,0,0,0,2,0,0.04,0,0.04,0.04,0.04,2.1,2.1,0.1,0.09,0,0.1,0.09,0.1,Matches
33,Leon Balogun\Leon-Balogun,ng NGA,DF,Brighton,30,1988,8,5,594,1,0,0,0,2,0,0.15,0,0.15,0.15,0.15,0.2,0.2,0,0.03,0,0.03,0.03,0.03,Matches
34,Sol Bamba\Sol-Bamba,ci CIV,DF,Cardiff City,33,1985,28,28,2474,4,1,0,0,7,0,0.15,0.04,0.18,0.15,0.18,2.6,2.6,0.4,0.1,0.01,0.11,0.1,0.11,Matches
35,Phil Bardsley\Phil-Bardsley,sco SCO,DF,Burnley,33,1985,19,19,1670,0,0,0,0,9,0,0,0,0,0,0,0.2,0.2,0.7,0.01,0.04,0.05,0.01,0.05,Matches
36,Ross Barkley\Ross-Barkley,eng ENG,MF,Chelsea,24,1993,27,13,1245,3,5,0,0,1,0,0.22,0.36,0.58,0.22,0.58,3.8,3.8,2.1,0.27,0.15,0.43,0.27,0.43,Matches
37,Ashley Barnes\Ashley-Barnes,at AUT,FW,Burnley,28,1989,37,26,2388,12,2,2,2,8,0,0.45,0.08,0.53,0.38,0.45,12,10.4,3.6,0.45,0.13,0.59,0.39,0.53,Matches
38,Harvey Barnes\Harvey-Barnes,eng ENG,FWMF,Leicester City,20,1997,16,11,1004,1,2,0,0,0,0,0.09,0.18,0.27,0.09,0.27,3.2,3.2,1.4,0.28,0.13,0.41,0.28,0.41,Matches
39,Antonio Barreca\Antonio-Barreca,it ITA,DF,Newcastle Utd,23,1995,1,0,5,0,0,0,0,0,0,0,0,0,0,0,0,0,0,0,0,0,0,0,Matches
40,Michy Batshuayi\Michy-Batshuayi,be BEL,FW,Crystal Palace,24,1993,11,9,750,5,0,0,0,0,0,0.6,0,0.6,0.6,0.6,3.5,3.5,0.1,0.42,0.01,0.43,0.42,0.43,Matches
41,Jan Bednarek\Jan-Bednarek,pl POL,DF,Southampton,22,1996,25,24,2151,0,1,0,0,7,0,0,0.04,0.04,0,0.04,0.6,0.6,0.4,0.03,0.02,0.05,0.03,0.05,Matches
42,Asmir Begović\Asmir-Begovic,ba BIH,GK,Bournemouth,31,1987,24,24,2160,0,0,0,0,0,0,0,0,0,0,0,0,0,0,0,0,0,0,0,Matches
43,Héctor Bellerín\Hector-Bellerin,es ESP,DF,Arsenal,23,1995,19,18,1533,0,5,0,0,3,0,0,0.29,0.29,0,0.29,0.9,0.9,2.2,0.05,0.13,0.18,0.05,0.18,Matches
44,Joe Bennett\Joe-Bennett,eng ENG,DF,Cardiff City,28,1990,30,30,2639,0,1,0,0,5,0,0,0.03,0.03,0,0.03,0.5,0.5,1.1,0.02,0.04,0.06,0.02,0.06,Matches
45,Ryan Bennett\Ryan-Bennett,eng ENG,DF,Wolves,28,1990,34,34,3060,1,0,0,0,12,0,0.03,0,0.03,0.03,0.03,1.2,1.2,0.4,0.04,0.01,0.05,0.04,0.05,Matches
46,Christian Benteke\Christian-Benteke,be BEL,FW,Crystal Palace,27,1990,16,9,814,1,1,0,0,1,0,0.11,0.11,0.22,0.11,0.22,3.3,3.3,1.3,0.36,0.14,0.51,0.36,0.51,Matches
47,Jóhann Berg Guðmundsson\Johann-Berg-Gudmundsson,is ISL,MFFW,Burnley,27,1990,29,19,1752,3,6,0,0,2,0,0.15,0.31,0.46,0.15,0.46,2.9,2.9,3.8,0.15,0.2,0.35,0.15,0.35,Matches
48,Bernard\Bernard,br BRA,FWMF,Everton,25,1992,34,25,2116,1,3,0,0,5,0,0.04,0.13,0.17,0.04,0.17,2.6,2.6,3.2,0.11,0.14,0.25,0.11,0.25,Matches
49,Bernardo\Bernardo,br BRA,DF,Brighton,23,1995,22,19,1752,0,1,0,0,4,0,0,0.05,0.05,0,0.05,0.4,0.4,0.9,0.02,0.05,0.07,0.02,0.07,Matches
50,Ryan Bertrand\Ryan-Bertrand,eng ENG,DF,Southampton,28,1989,24,24,2160,1,0,0,0,8,0,0.04,0,0.04,0.04,0.04,0.9,0.9,1.9,0.04,0.08,0.11,0.04,0.11,Matches
51,Marcus Bettinelli\Marcus-Bettinelli,eng ENG,GK,Fulham,26,1992,7,7,630,0,0,0,0,1,0,0,0,0,0,0,0,0,0,0,0,0,0,0,Matches
52,Philip Billing\Philip-Billing,dk DEN,MF,Huddersfield,22,1996,27,25,2188,2,0,0,0,7,0,0.08,0,0.08,0.08,0.08,1.8,1.8,1.1,0.08,0.05,0.12,0.08,0.12,Matches
53,Yves Bissouma\Yves-Bissouma,ml MLI,MF,Brighton,21,1996,28,17,1774,0,0,0,0,5,0,0,0,0,0,0,1.6,1.6,1.1,0.08,0.06,0.14,0.08,0.14,Matches
54,Willy Boly\Willy-Boly,fr FRA,DF,Wolves,27,1991,36,36,3167,4,0,0,0,2,1,0.11,0,0.11,0.11,0.11,2.7,2.7,0.9,0.08,0.03,0.1,0.08,0.1,Matches
55,Léo Bonatini\Leo-Bonatini,br BRA,FW,Wolves,24,1994,7,0,135,0,1,0,0,0,0,0,0.67,0.67,0,0.67,1.5,1.5,0.3,0.99,0.18,1.17,0.99,1.17,Matches
56,Gaëtan Bong\Gaetan-Bong,cm CMR,DF,Brighton,30,1988,22,19,1808,0,0,0,0,0,0,0,0,0,0,0,0.1,0.1,0.6,0,0.03,0.03,0,0.03,Matches
57,Artur Boruc\Artur-Boruc,pl POL,GK,Bournemouth,38,1980,12,12,1080,0,0,0,0,2,0,0,0,0,0,0,0,0,0,0,0,0,0,0,Matches
58,Robbie Brady\Robbie-Brady,ie IRL,MFFW,Burnley,26,1992,16,6,720,0,1,0,0,3,1,0,0.12,0.12,0,0.12,0.7,0.7,1.4,0.08,0.18,0.26,0.08,0.26,Matches
59,Miguel Britos\Miguel-Britos,uy URU,DF,Watford,33,1985,3,2,185,0,0,0,0,0,0,0,0,0,0,0,0,0,0,0,0,0,0,0,Matches
60,David Brooks\David-Brooks,wal WAL,MFFW,Bournemouth,21,1997,30,29,2261,7,5,0,0,3,0,0.28,0.2,0.48,0.28,0.48,5.7,5.7,3.7,0.23,0.15,0.37,0.23,0.37,Matches
61,Bruno\Bruno,es ESP,DF,Brighton,37,1980,14,14,1131,0,1,0,0,2,0,0,0.08,0.08,0,0.08,0.1,0.1,0.3,0.01,0.02,0.03,0.01,0.03,Matches
62,Joe Bryan\Joe-Bryan,eng ENG,DF,Fulham,24,1993,28,27,2345,0,1,0,0,5,0,0,0.04,0.04,0,0.04,0.7,0.7,2.6,0.03,0.1,0.12,0.03,0.12,Matches
63,David Button\David-Button,eng ENG,GK,Brighton,29,1989,4,4,360,0,0,0,0,0,0,0,0,0,0,0,0,0,0,0,0,0,0,0,Matches
64,Willy Caballero\Willy-Caballero,ar ARG,GK,Chelsea,36,1981,2,2,180,0,0,0,0,0,0,0,0,0,0,0,0,0,0,0,0,0,0,0,Matches
65,Gary Cahill\Gary-Cahill,eng ENG,DF,Chelsea,32,1985,2,0,24,0,0,0,0,0,0,0,0,0,0,0,0,0,0,0,0,0,0,0,Matches
66,Tom Cairney\Tom-Cairney,sco SCO,MFFW,Fulham,27,1991,31,24,2194,1,1,0,0,0,0,0.04,0.04,0.08,0.04,0.08,1.1,1.1,2.9,0.04,0.12,0.16,0.04,0.16,Matches
67,Dominic Calvert-Lewin\Dominic-Calvert-Lewin,eng ENG,FW,Everton,21,1997,35,19,1784,6,2,0,0,3,0,0.3,0.1,0.4,0.3,0.4,5.2,5.1,1.1,0.26,0.06,0.32,0.26,0.31,Matches
68,Rafael Camacho\Rafael-Camacho,pt POR,DF,Liverpool,18,2000,1,0,1,0,0,0,0,0,0,0,0,0,0,0,0,0,0,0,0,0,0,0,Matches
69,Víctor Camarasa\Victor-Camarasa,es ESP,MF,Cardiff City,24,1994,32,31,2569,5,4,0,0,6,0,0.18,0.14,0.32,0.18,0.32,2.7,2.7,3.3,0.1,0.11,0.21,0.1,0.21,Matches
70,Étienne Capoue\Etienne-Capoue,fr FRA,MF,Watford,30,1988,33,33,2944,1,3,0,0,14,1,0.03,0.09,0.12,0.03,0.12,1,1,0.9,0.03,0.03,0.06,0.03,0.06,Matches
71,Andy Carroll\Andy-Carroll,eng ENG,FW,West Ham,29,1989,12,3,461,0,0,0,0,2,0,0,0,0,0,0,1.9,1.9,0.2,0.36,0.03,0.39,0.36,0.39,Matches
72,Jonny Castro\Jonny-Castro,es ESP,DFMF,Wolves,24,1994,33,32,2771,1,1,0,0,6,0,0.03,0.03,0.06,0.03,0.06,2,2,1.5,0.07,0.05,0.11,0.07,0.11,Matches
73,Craig Cathcart\Craig-Cathcart,nir NIR,DF,Watford,29,1989,36,35,3096,3,0,0,0,2,0,0.09,0,0.09,0.09,0.09,1.8,1.8,0.4,0.05,0.01,0.07,0.05,0.07,Matches
74,Ivan Cavaleiro\Ivan-Cavaleiro,pt POR,FWMF,Wolves,24,1993,23,6,693,3,1,0,0,1,0,0.39,0.13,0.52,0.39,0.52,2.2,2.2,1.5,0.28,0.2,0.48,0.28,0.48,Matches
75,Petr Čech\Petr-Cech,cz CZE,GK,Arsenal,36,1982,7,7,584,0,0,0,0,0,0,0,0,0,0,0,0,0,0,0,0,0,0,0,Matches
76,Nathaniel Chalobah\Nathaniel-Chalobah,eng ENG,MFFW,Watford,23,1994,9,3,270,0,0,0,0,2,0,0,0,0,0,0,0.1,0.1,0,0.05,0,0.05,0.05,0.05,Matches
77,Calum Chambers\Calum-Chambers,eng ENG,MFDF,Fulham,23,1995,31,29,2588,2,0,0,0,9,0,0.07,0,0.07,0.07,0.07,2.2,2.2,0.7,0.08,0.02,0.1,0.08,0.1,Matches
78,Ben Chilwell\Ben-Chilwell,eng ENG,DF,Leicester City,21,1996,36,36,3240,0,4,0,0,4,0,0,0.11,0.11,0,0.11,0.8,0.8,3,0.02,0.08,0.11,0.02,0.11,Matches
79,Tahith Chong\Tahith-Chong,nl NED,FW,Manchester Utd,18,1999,2,0,38,0,0,0,0,0,0,0,0,0,0,0,0.1,0.1,0,0.18,0,0.18,0.18,0.18,Matches
80,Hamza Choudhury\Hamza-Choudhury,eng ENG,MF,Leicester City,20,1997,9,7,595,0,0,0,0,0,0,0,0,0,0,0,0.4,0.4,0.4,0.06,0.07,0.13,0.06,0.13,Matches
81,Andreas Christensen\Andreas-Christensen,dk DEN,DF,Chelsea,22,1996,8,6,617,0,0,0,0,1,0,0,0,0,0,0,0,0,0,0,0,0,0,0,Matches
82,Cyrus Christie\Cyrus-Christie,ie IRL,DF,Fulham,25,1992,28,19,1948,0,1,0,0,7,0,0,0.05,0.05,0,0.05,0.5,0.5,1.4,0.02,0.07,0.09,0.02,0.09,Matches
83,Ibrahima Cissé\Ibrahima-Cisse,gn GUI,MFFW,Fulham,24,1994,3,1,88,0,0,0,0,0,0,0,0,0,0,0,0,0,0,0,0,0,0,0,Matches
84,Ciaran Clark\Ciaran-Clark,ie IRL,DF,Newcastle Utd,28,1989,11,9,858,3,0,0,0,1,0,0.31,0,0.31,0.31,0.31,0.4,0.4,0.4,0.04,0.04,0.08,0.04,0.08,Matches
85,Tom Cleverley\Tom-Cleverley,eng ENG,MFFW,Watford,28,1989,13,4,478,1,0,0,0,2,0,0.19,0,0.19,0.19,0.19,0.2,0.2,0,0.04,0,0.04,0.04,0.04,Matches
86,Nathaniel Clyne\Nathaniel-Clyne,eng ENG,DF,Liverpool,27,1991,4,1,111,0,0,0,0,0,0,0,0,0,0,0,0,0,0,0.04,0,0.04,0.04,0.04,Matches
87,Nathaniel Clyne\Nathaniel-Clyne,eng ENG,DF,Bournemouth,27,1991,14,13,1143,0,1,0,0,2,0,0,0.08,0.08,0,0.08,0.3,0.3,0.2,0.02,0.02,0.04,0.02,0.04,Matches
88,Conor Coady\Conor-Coady,eng ENG,DF,Wolves,25,1993,38,38,3420,0,0,0,0,5,0,0,0,0,0,0,0,0,0,0,0,0,0,0,Matches
89,Joel Coleman\Joel-Coleman,eng ENG,GK,Huddersfield,22,1995,1,1,90,0,0,0,0,0,0,0,0,0,0,0,0,0,0,0,0,0,0,0,Matches
90,Séamus Coleman\Seamus-Coleman,ie IRL,DF,Everton,29,1988,29,29,2558,2,2,0,0,1,0,0.07,0.07,0.14,0.07,0.14,1.2,1.2,2.3,0.04,0.08,0.12,0.04,0.12,Matches
91,Lewis Cook\Lewis-Cook,eng ENG,MF,Bournemouth,21,1997,13,8,723,0,0,0,0,2,0,0,0,0,0,0,0.1,0.1,0.1,0.01,0.01,0.02,0.01,0.02,Matches
92,Steve Cook\Steve-Cook,eng ENG,DF,Bournemouth,27,1991,31,31,2786,1,1,0,0,3,0,0.03,0.03,0.06,0.03,0.06,1.1,1.1,1.2,0.03,0.04,0.07,0.03,0.07,Matches
93,Jack Cork\Jack-Cork,eng ENG,MF,Burnley,29,1989,37,37,3312,1,2,0,0,6,0,0.03,0.05,0.08,0.03,0.08,1.7,1.7,1.6,0.05,0.04,0.09,0.05,0.09,Matches
94,Hélder Costa\Helder-Costa,pt POR,FWMF,Wolves,24,1994,25,16,1341,1,2,0,0,3,0,0.07,0.13,0.2,0.07,0.2,2.5,2.5,1.6,0.17,0.11,0.27,0.17,0.27,Matches
95,Aaron Cresswell\Aaron-Cresswell,eng ENG,DF,West Ham,28,1989,20,18,1589,0,1,0,0,1,0,0,0.06,0.06,0,0.06,0.5,0.5,1.1,0.03,0.06,0.09,0.03,0.09,Matches
96,Peter Crouch\Peter-Crouch,eng ENG,FW,Burnley,37,1981,6,0,92,0,0,0,0,1,0,0,0,0,0,0,0.4,0.4,0,0.36,0,0.36,0.36,0.36,Matches
97,Greg Cunningham\Greg-Cunningham,ie IRL,DF,Cardiff City,27,1991,7,7,630,0,0,0,0,3,0,0,0,0,0,0,0,0,0.2,0,0.02,0.03,0,0.03,Matches
98,Diogo Dalot\Diogo-Dalot,pt POR,DFMF,Manchester Utd,19,1999,16,12,1013,0,2,0,0,3,0,0,0.18,0.18,0,0.18,0.4,0.4,1.7,0.04,0.15,0.19,0.04,0.19,Matches
99,Matty Daly\Matty-Daly,eng ENG,MF,Huddersfield,17,2001,2,0,75,0,0,0,0,0,0,0,0,0,0,0,0,0,0,0,0,0,0,0,Matches
100,Loïc Damour\Loic-Damour,fr FRA,MF,Cardiff City,27,1991,2,0,23,0,0,0,0,0,0,0,0,0,0,0,0,0,0,0.08,0,0.08,0.08,0.08,Matches
101,Charlie Daniels\Charlie-Daniels,eng ENG,DF,Bournemouth,31,1986,21,17,1585,1,0,0,0,4,0,0.06,0,0.06,0.06,0.06,0.5,0.5,1,0.03,0.05,0.09,0.03,0.09,Matches
102,Danilo\Danilo,br BRA,DF,Manchester City,27,1991,11,9,807,1,0,0,0,1,0,0.11,0,0.11,0.11,0.11,0.5,0.5,0.3,0.05,0.04,0.09,0.05,0.09,Matches
103,Scott Dann\Scott-Dann,eng ENG,DF,Crystal Palace,31,1987,10,7,663,0,1,0,0,1,0,0,0.14,0.14,0,0.14,0.3,0.3,0,0.04,0,0.04,0.04,0.04,Matches
104,Matteo Darmian\Matteo-Darmian,it ITA,DF,Manchester Utd,28,1989,6,5,443,0,0,0,0,0,0,0,0,0,0,0,0,0,0.1,0.01,0.02,0.03,0.01,0.03,Matches
105,Ben Davies\Ben-Davies,wal WAL,DF,Tottenham,25,1993,27,20,1844,0,0,0,0,2,0,0,0,0,0,0,0.8,0.8,1.9,0.04,0.09,0.13,0.04,0.13,Matches
106,Tom Davies\Tom-Davies,eng ENG,MF,Everton,20,1998,16,10,980,0,0,0,0,3,0,0,0,0,0,0,0.3,0.3,0.5,0.03,0.05,0.08,0.03,0.08,Matches
107,Steven Davis\Steven-Davis,nir NIR,MF,Southampton,33,1985,3,1,98,0,1,0,0,0,0,0,0.92,0.92,0,0.92,0,0,0.7,0,0.6,0.6,0,0.6,Matches
108,Kevin De Bruyne\Kevin-De-Bruyne,be BEL,MF,Manchester City,27,1991,19,11,975,2,2,0,0,2,0,0.18,0.18,0.37,0.18,0.37,2.1,2.1,3.5,0.2,0.32,0.52,0.2,0.52,Matches
109,Troy Deeney\Troy-Deeney,eng ENG,FW,Watford,30,1988,32,28,2545,9,5,1,1,4,1,0.32,0.18,0.5,0.28,0.46,9.3,8.5,4.7,0.33,0.17,0.5,0.3,0.47,Matches
110,Jermain Defoe\Jermain-Defoe,eng ENG,DFFW,Bournemouth,35,1982,4,0,25,0,0,0,0,0,0,0,0,0,0,0,0.4,0.4,0,1.6,0,1.6,1.6,1.6,Matches
111,Steven Defour\Steven-Defour,be BEL,MF,Burnley,30,1988,6,6,448,0,0,0,0,0,0,0,0,0,0,0,0,0,0,0,0.01,0.01,0,0.01,Matches
112,Fabian Delph\Fabian-Delph,eng ENG,DF,Manchester City,28,1989,11,8,725,0,1,0,0,1,1,0,0.12,0.12,0,0.12,0.1,0.1,0.3,0.01,0.04,0.05,0.01,0.05,Matches
113,Mousa Dembélé\Mousa-Dembele,be BEL,MF,Tottenham,31,1987,10,7,515,0,0,0,0,1,0,0,0,0,0,0,0,0,0,0.01,0,0.01,0.01,0.01,Matches
114,Leander Dendoncker\Leander-Dendoncker,be BEL,MF,Wolves,23,1995,19,17,1467,2,0,0,0,1,0,0.12,0,0.12,0.12,0.12,2.5,2.5,1.2,0.16,0.07,0.23,0.16,0.23,Matches
115,Laurent Depoitre\Laurent-Depoitre,be BEL,FW,Huddersfield,29,1988,23,10,1068,0,1,0,0,1,0,0,0.08,0.08,0,0.08,3.5,3.5,0.6,0.3,0.05,0.34,0.3,0.34,Matches
116,Gerard Deulofeu\Gerard-Deulofeu,es ESP,FW,Watford,24,1994,30,26,2066,10,5,0,0,3,0,0.44,0.22,0.65,0.44,0.65,8.3,8.3,4.9,0.36,0.21,0.58,0.36,0.58,Matches
117,Fousseni Diabaté\Fousseni-Diabate,ml MLI,FW,Leicester City,22,1995,1,1,54,0,0,0,0,0,0,0,0,0,0,0,0,0,0.1,0,0.24,0.24,0,0.24,Matches
118,Adama Diakhaby\Adama-Diakhaby,fr FRA,FWMF,Huddersfield,22,1996,12,6,552,0,0,0,0,1,0,0,0,0,0,0,0.8,0.8,0.4,0.14,0.07,0.21,0.14,0.21,Matches
119,Mohamed Diamé\Mohamed-Diame,sn SEN,MF,Newcastle Utd,31,1987,29,24,2166,0,0,0,0,3,0,0,0,0,0,0,0.9,0.9,0,0.04,0,0.04,0.04,0.04,Matches
120,Grady Diangana\Grady-Diangana,eng ENG,FWMF,West Ham,20,1998,17,6,609,0,1,0,0,0,0,0,0.15,0.15,0,0.15,0.7,0.7,1.2,0.1,0.17,0.27,0.1,0.27,Matches
121,Eric Dier\Eric-Dier,eng ENG,MF,Tottenham,24,1994,20,18,1506,3,0,0,0,4,0,0.18,0,0.18,0.18,0.18,1.6,1.6,0.9,0.1,0.05,0.15,0.1,0.15,Matches
122,Lucas Digne\Lucas-Digne,fr FRA,DF,Everton,25,1993,35,33,2965,4,4,0,0,5,1,0.12,0.12,0.24,0.12,0.24,1.1,1.1,6.1,0.03,0.18,0.22,0.03,0.22,Matches
123,Virgil van Dijk\Virgil-van-Dijk,nl NED,DF,Liverpool,27,1991,38,38,3384,4,2,0,0,1,0,0.11,0.05,0.16,0.11,0.16,3.2,3.2,1.1,0.08,0.03,0.11,0.08,0.11,Matches
124,Issa Diop\Issa-Diop,fr FRA,DF,West Ham,21,1997,33,33,2970,1,0,0,0,4,0,0.03,0,0.03,0.03,0.03,1.1,1.1,0.1,0.03,0,0.04,0.03,0.04,Matches
125,Matt Doherty\Matt-Doherty,ie IRL,DFMF,Wolves,26,1992,38,35,3144,4,5,0,0,5,0,0.11,0.14,0.26,0.11,0.26,5.6,5.6,4.8,0.16,0.14,0.3,0.16,0.3,Matches
126,Abdoulaye Doucouré\Abdoulaye-Doucoure,fr FRA,MF,Watford,25,1993,35,34,3062,5,6,0,0,7,0,0.15,0.18,0.32,0.15,0.32,5.6,5.6,3.8,0.16,0.11,0.28,0.16,0.28,Matches
127,Luke Dreher\Luke-Dreher,eng ENG,MF,Crystal Palace,19,1998,1,0,1,0,0,0,0,0,0,0,0,0,0,0,0,0,0,0,0,0,0,0,Matches
128,Martin Dúbravka\Martin-Dubravka,sk SVK,GK,Newcastle Utd,29,1989,38,38,3420,0,0,0,0,1,0,0,0,0,0,0,0,0,0,0,0,0,0,0,Matches
129,Shane Duffy\Shane-Duffy,ie IRL,DF,Brighton,26,1992,35,35,3087,5,1,0,0,4,1,0.15,0.03,0.17,0.15,0.17,2.8,2.8,0.3,0.08,0.01,0.09,0.08,0.09,Matches
130,Demeaco Duhaney\Demeaco-Duhaney,eng ENG,DF,Huddersfield,19,1998,1,1,45,0,0,0,0,0,0,0,0,0,0,0,0,0,0,0,0,0,0,0,Matches
131,Paul Dummett\Paul-Dummett,wal WAL,DF,Newcastle Utd,26,1991,26,21,1990,0,0,0,0,1,0,0,0,0,0,0,0.2,0.2,0.8,0.01,0.03,0.04,0.01,0.04,Matches
132,Lewis Dunk\Lewis-Dunk,eng ENG,DF,Brighton,26,1991,36,36,3151,2,1,0,0,6,1,0.06,0.03,0.09,0.06,0.09,1.2,1.2,0.6,0.03,0.02,0.05,0.03,0.05,Matches
133,Erik Durm\Erik-Durm,de GER,DF,Huddersfield,26,1992,28,21,2055,0,1,0,0,0,0,0,0.04,0.04,0,0.04,0.3,0.3,0.9,0.02,0.04,0.05,0.02,0.05,Matches
134,Bruno Ecuele Manga\Bruno-Ecuele-Manga,ga GAB,DF,Cardiff City,30,1988,38,37,3376,0,1,0,0,0,0,0,0.03,0.03,0,0.03,0.8,0.8,0.4,0.02,0.01,0.03,0.02,0.03,Matches
135,Ederson\Ederson,br BRA,GK,Manchester City,24,1993,38,38,3420,0,1,0,0,2,0,0,0.03,0.03,0,0.03,0,0,0.3,0,0.01,0.01,0,0.01,Matches
136,Harvey Elliot\Harvey-Elliot,eng ENG,MF,Fulham,15,2003,2,0,20,0,0,0,0,0,0,0,0,0,0,0,0.1,0.1,0,0.53,0,0.53,0.53,0.53,Matches
137,Mohamed Elneny\Mohamed-Elneny,eg EGY,MF,Arsenal,26,1992,8,5,380,0,0,0,0,0,0,0,0,0,0,0,0.6,0.6,0.1,0.14,0.03,0.17,0.14,0.17,Matches
138,Mohamed Elyounoussi\Mohamed-Elyounoussi,no NOR,MFFW,Southampton,23,1994,16,8,793,0,0,0,0,0,0,0,0,0,0,0,1.9,1.9,1.1,0.21,0.13,0.34,0.21,0.34,Matches
139,Christian Eriksen\Christian-Eriksen,dk DEN,MFFW,Tottenham,26,1992,35,30,2774,8,12,0,0,3,0,0.26,0.39,0.65,0.26,0.65,5.5,5.5,6.9,0.18,0.22,0.4,0.18,0.4,Matches
140,Neil Etheridge\Neil-Etheridge,ph PHI,GK,Cardiff City,28,1990,38,38,3420,0,0,0,0,2,0,0,0,0,0,0,0,0,0.2,0,0,0,0,0,Matches
141,Jonny Evans\Jonny-Evans,nir NIR,DF,Leicester City,30,1988,24,21,1996,1,0,0,0,2,0,0.05,0,0.05,0.05,0.05,0.9,0.9,0.2,0.04,0.01,0.05,0.04,0.05,Matches
142,Łukasz Fabiański\Lukasz-Fabianski,pl POL,GK,West Ham,33,1985,38,38,3420,0,0,0,0,0,0,0,0,0,0,0,0,0,0.2,0,0.01,0.01,0,0.01,Matches
143,Fabinho\Fabinho,br BRA,MF,Liverpool,24,1993,28,21,2017,1,2,0,0,6,0,0.04,0.09,0.13,0.04,0.13,1,1,1.3,0.04,0.06,0.1,0.04,0.1,Matches
144,Cesc Fàbregas\Cesc-Fabregas,es ESP,MF,Chelsea,31,1987,6,1,180,0,0,0,0,1,0,0,0,0,0,0,0.1,0.1,0.3,0.05,0.14,0.19,0.05,0.19,Matches
145,Fabricio\Fabricio,es ESP,GK,Fulham,30,1987,2,2,180,0,0,0,0,0,0,0,0,0,0,0,0,0,0,0,0,0,0,0,Matches
146,Marouane Fellaini\Marouane-Fellaini,be BEL,MF,Manchester Utd,30,1987,14,6,752,0,1,0,0,1,0,0,0.12,0.12,0,0.12,0.4,0.4,0.1,0.05,0.01,0.06,0.05,0.06,Matches
147,Kiko Femenía\Kiko-Femenia,es ESP,DF,Watford,27,1991,29,22,2049,1,1,0,0,1,0,0.04,0.04,0.09,0.04,0.09,0.5,0.5,1.8,0.02,0.08,0.1,0.02,0.1,Matches
148,Federico Fernández\Federico-Fernandez,ar ARG,DF,Newcastle Utd,29,1989,19,17,1484,0,1,0,0,2,0,0,0.06,0.06,0,0.06,0.2,0.2,0.3,0.01,0.02,0.03,0.01,0.03,Matches
149,Fernandinho\Fernandinho,br BRA,MF,Manchester City,33,1985,29,27,2377,1,3,0,0,5,0,0.04,0.11,0.15,0.04,0.15,1.9,1.9,2.9,0.07,0.11,0.18,0.07,0.18,Matches
150,Roberto Firmino\Roberto-Firmino,br BRA,FWMF,Liverpool,26,1991,34,31,2607,12,6,1,1,0,0,0.41,0.21,0.62,0.38,0.59,13.3,12.5,5.6,0.46,0.19,0.65,0.43,0.63,Matches
151,Phil Foden\Phil-Foden,eng ENG,MF,Manchester City,18,2000,13,3,335,1,0,0,0,0,0,0.27,0,0.27,0.27,0.27,2.5,2.5,0.6,0.67,0.16,0.83,0.67,0.83,Matches
152,Fraser Forster\Fraser-Forster,eng ENG,GK,Southampton,30,1988,1,1,90,0,0,0,0,0,0,0,0,0,0,0,0,0,0,0,0,0,0,0,Matches
153,Ben Foster\Ben-Foster,eng ENG,GK,Watford,35,1983,38,38,3420,0,0,0,0,1,0,0,0,0,0,0,0,0,0.3,0,0.01,0.01,0,0.01,Matches
154,Timothy Fosu-Mensah\Timothy-Fosu-Mensah,nl NED,DF,Fulham,20,1998,12,10,793,0,0,0,0,3,0,0,0,0,0,0,0.1,0.1,0.4,0.01,0.04,0.05,0.01,0.05,Matches
155,Juan Foyth\Juan-Foyth,ar ARG,DF,Tottenham,20,1998,12,10,888,1,0,0,0,3,1,0.1,0,0.1,0.1,0.1,0.7,0.7,0.3,0.08,0.03,0.11,0.08,0.11,Matches
156,Simon Francis\Simon-Francis,eng ENG,DF,Bournemouth,33,1985,17,13,1229,0,2,0,0,1,0,0,0.15,0.15,0,0.15,0.1,0.1,1,0.01,0.07,0.08,0.01,0.08,Matches
157,Ryan Fraser\Ryan-Fraser,sco SCO,MFFW,Bournemouth,24,1994,38,35,3166,7,14,0,0,2,0,0.2,0.4,0.6,0.2,0.6,4.5,4.5,11.8,0.13,0.34,0.46,0.13,0.46,Matches
158,Fred\Fred,br BRA,MF,Manchester Utd,25,1993,17,13,1041,1,1,0,0,2,0,0.09,0.09,0.17,0.09,0.17,0.8,0.8,0.9,0.07,0.08,0.15,0.07,0.15,Matches
159,Ryan Fredericks\Ryan-Fredericks,eng ENG,DF,West Ham,25,1992,15,12,1086,1,0,0,0,5,0,0.08,0,0.08,0.08,0.08,0.5,0.5,0.2,0.04,0.02,0.06,0.04,0.06,Matches
160,Christian Fuchs\Christian-Fuchs,at AUT,DF,Leicester City,32,1986,3,2,207,0,0,0,0,0,0,0,0,0,0,0,0.1,0.1,0.3,0.02,0.13,0.15,0.02,0.15,Matches
161,Manolo Gabbiadini\Manolo-Gabbiadini,it ITA,FWMF,Southampton,26,1991,12,4,476,1,0,0,0,0,0,0.19,0,0.19,0.19,0.19,1.9,1.9,0.2,0.37,0.04,0.4,0.37,0.4,Matches
162,Sam Gallagher\Sam-Gallagher,eng ENG,FW,Southampton,22,1995,4,0,34,0,0,0,0,0,0,0,0,0,0,0,0,0,0,0,0,0,0,0,Matches
163,Idrissa Gana Gueye\Idrissa-Gana-Gueye,sn SEN,MF,Everton,28,1989,33,32,2822,0,2,0,0,6,0,0,0.06,0.06,0,0.06,0.7,0.7,1,0.02,0.03,0.06,0.02,0.06,Matches
164,James Garner\James-Garner,eng ENG,MF,Manchester Utd,17,2001,1,0,1,0,0,0,0,0,0,0,0,0,0,0,0,0,0,0,0,0,0,0,Matches
165,Paulo Gazzaniga\Paulo-Gazzaniga,ar ARG,GK,Tottenham,26,1992,3,3,270,0,0,0,0,0,0,0,0,0,0,0,0,0,0,0,0,0,0,0,Matches
166,David de Gea\David-de-Gea,es ESP,GK,Manchester Utd,27,1990,38,38,3420,0,0,0,0,1,0,0,0,0,0,0,0,0,0,0,0,0,0,0,Matches
167,Rachid Ghezzal\Rachid-Ghezzal,dz ALG,FWMF,Leicester City,26,1992,19,8,743,1,0,0,0,3,0,0.12,0,0.12,0.12,0.12,1,1,1.6,0.12,0.2,0.32,0.12,0.32,Matches
168,Morgan Gibbs-White\Morgan-Gibbs-White,eng ENG,MFFW,Wolves,18,2000,26,5,663,0,1,0,0,1,0,0,0.14,0.14,0,0.14,0.9,0.9,1.5,0.13,0.2,0.33,0.13,0.33,Matches
169,Ben Gibson\Ben-Gibson,eng ENG,DF,Burnley,25,1993,1,1,62,1,0,0,0,1,0,1.45,0,1.45,1.45,1.45,0.5,0.5,0,0.69,0,0.69,0.69,0.69,Matches
170,Olivier Giroud\Olivier-Giroud,fr FRA,FW,Chelsea,31,1986,27,7,847,2,4,0,0,1,0,0.21,0.43,0.64,0.21,0.64,3.7,3.7,1.9,0.4,0.2,0.6,0.4,0.6,Matches
171,André Gomes\Andre-Gomes,pt POR,MF,Everton,25,1993,27,24,1980,1,1,0,0,7,0,0.05,0.05,0.09,0.05,0.09,1.7,1.7,0.6,0.08,0.03,0.1,0.08,0.1,Matches
172,Angel Gomes\Angel-Gomes,eng ENG,MFFW,Manchester Utd,17,2000,2,0,27,0,0,0,0,0,0,0,0,0,0,0,0.1,0.1,0,0.34,0,0.34,0.34,0.34,Matches
173,Joe Gomez\Joe-Gomez,eng ENG,DF,Liverpool,21,1997,16,12,1063,0,0,0,0,2,0,0,0,0,0,0,0.2,0.2,0.3,0.02,0.03,0.05,0.02,0.05,Matches
174,Jon Gorenc Stanković\Jon-Gorenc-Stankovic,si SVN,MFDF,Huddersfield,22,1996,11,9,715,1,0,0,0,2,0,0.13,0,0.13,0.13,0.13,0.9,0.9,0.2,0.11,0.02,0.13,0.11,0.13,Matches
175,Dan Gosling\Dan-Gosling,eng ENG,MF,Bournemouth,28,1990,25,19,1739,2,1,0,0,8,0,0.1,0.05,0.16,0.1,0.16,1.5,1.5,1.1,0.08,0.06,0.13,0.08,0.13,Matches
176,Karlan Grant\Karlan-Grant,eng ENG,FWMF,Huddersfield,20,1997,13,9,877,3,0,0,0,0,0,0.31,0,0.31,0.31,0.31,2.7,2.7,0.3,0.28,0.03,0.31,0.28,0.31,Matches
177,Andre Gray\Andre-Gray,eng ENG,FW,Watford,27,1991,29,13,1366,7,2,0,0,2,0,0.46,0.13,0.59,0.46,0.59,6.1,6.1,1.5,0.4,0.1,0.5,0.4,0.5,Matches
178,Demarai Gray\Demarai-Gray,eng ENG,FWMF,Leicester City,22,1996,34,23,1985,4,1,0,0,2,0,0.18,0.05,0.23,0.18,0.23,4,4,0.7,0.18,0.03,0.21,0.18,0.21,Matches
179,Mason Greenwood\Mason-Greenwood,eng ENG,FW,Manchester Utd,16,2001,3,1,117,0,0,0,0,0,0,0,0,0,0,0,0.9,0.9,0.1,0.66,0.09,0.76,0.66,0.76,Matches
180,Pascal Groß\Pascal-Gross,de GER,MF,Brighton,27,1991,25,24,1864,3,3,1,2,1,0,0.14,0.14,0.29,0.1,0.24,3.7,2.2,4.7,0.18,0.23,0.41,0.11,0.33,Matches
181,Vicente Guaita\Vicente-Guaita,es ESP,GK,Crystal Palace,31,1987,20,20,1754,0,0,0,0,2,0,0,0,0,0,0,0,0,0,0,0,0,0,0,Matches
182,Mattéo Guendouzi\Matteo-Guendouzi,fr FRA,MF,Arsenal,19,1999,33,23,2149,0,0,0,0,9,0,0,0,0,0,0,0.4,0.4,2.1,0.02,0.09,0.11,0.02,0.11,Matches
183,İlkay Gündoğan\Ilkay-Gundogan,de GER,MF,Manchester City,27,1990,31,23,2137,6,3,0,0,3,0,0.25,0.13,0.38,0.25,0.38,3.6,3.6,4.1,0.15,0.17,0.32,0.15,0.32,Matches
184,Angus Gunn\Angus-Gunn,eng ENG,GK,Southampton,22,1996,12,12,1080,0,0,0,0,0,0,0,0,0,0,0,0,0,0,0,0,0,0,0,Matches
185,Aron Gunnarsson\Aron-Gunnarsson,is ISL,MF,Cardiff City,29,1989,28,27,2266,1,1,0,0,5,0,0.04,0.04,0.08,0.04,0.08,1.3,1.3,1.6,0.05,0.06,0.11,0.05,0.11,Matches
186,Florent Hadergjonaj\Florent-Hadergjonaj,xk KVX,DFMF,Huddersfield,24,1994,24,19,1842,0,0,0,0,1,0,0,0,0,0,0,0.4,0.4,1.6,0.02,0.08,0.1,0.02,0.1,Matches
187,Ben Hamer\Ben-Hamer,eng ENG,GK,Huddersfield,30,1987,7,7,552,0,0,0,0,0,0,0,0,0,0,0,0,0,0,0,0,0,0,0,Matches
188,Kadeem Harris\Kadeem-Harris,eng ENG,MFFW,Cardiff City,25,1993,13,3,375,1,0,0,0,1,0,0.24,0,0.24,0.24,0.24,1,1,0.3,0.24,0.08,0.32,0.24,0.32,Matches
189,Joe Hart\Joe-Hart,eng ENG,GK,Burnley,31,1987,19,19,1710,0,0,0,0,0,0,0,0,0,0,0,0,0,0,0,0,0,0,0,Matches
190,Isaac Hayden\Isaac-Hayden,eng ENG,MF,Newcastle Utd,23,1995,25,21,1859,1,4,0,0,3,1,0.05,0.19,0.24,0.05,0.24,0.9,0.9,1.7,0.04,0.08,0.12,0.04,0.12,Matches
191,Eden Hazard\Eden-Hazard,be BEL,FW,Chelsea,27,1991,37,32,2923,16,15,4,4,2,0,0.49,0.46,0.95,0.37,0.83,11.3,8.2,9.4,0.35,0.29,0.64,0.25,0.54,Matches
192,Rhys Healey\Rhys-Healey,wal WAL,FWMF,Cardiff City,23,1994,3,0,52,0,0,0,0,0,0,0,0,0,0,0,0,0,0,0.06,0,0.06,0.06,0.06,Matches
193,Tom Heaton\Tom-Heaton,eng ENG,GK,Burnley,32,1986,19,19,1710,0,0,0,0,3,0,0,0,0,0,0,0,0,0,0,0,0,0,0,Matches
194,Jordan Henderson\Jordan-Henderson,eng ENG,MF,Liverpool,28,1990,32,21,1987,1,3,0,0,2,1,0.05,0.14,0.18,0.05,0.18,1.7,1.7,1.5,0.08,0.07,0.15,0.08,0.15,Matches
195,Jeff Hendrick\Jeff-Hendrick,ie IRL,MFFW,Burnley,26,1992,32,25,2063,3,0,0,0,4,0,0.13,0,0.13,0.13,0.13,1.4,1.4,1.5,0.06,0.06,0.13,0.06,0.13,Matches
196,Wayne Hennessey\Wayne-Hennessey,wal WAL,GK,Crystal Palace,31,1987,18,17,1576,0,0,0,0,0,0,0,0,0,0,0,0,0,0,0,0,0,0,0,Matches
197,Javier Hernández\Javier-Hernandez,mx MEX,FW,West Ham,30,1988,25,14,1334,7,1,0,0,2,0,0.47,0.07,0.54,0.47,0.54,6.3,6.3,1.7,0.42,0.12,0.54,0.42,0.54,Matches
198,Ander Herrera\Ander-Herrera,es ESP,MF,Manchester Utd,28,1989,22,16,1403,2,3,0,0,4,0,0.13,0.19,0.32,0.13,0.32,1.7,1.7,1,0.11,0.07,0.17,0.11,0.17,Matches
199,Son Heung-min\Son-Heung-min,kr KOR,FWMF,Tottenham,26,1992,31,23,2039,12,6,0,0,2,1,0.53,0.26,0.79,0.53,0.79,7.8,7.8,3.2,0.34,0.14,0.48,0.34,0.48,Matches
200,Gonzalo Higuaín\Gonzalo-Higuain,ar ARG,FW,Chelsea,30,1987,14,13,1085,5,0,0,0,0,0,0.41,0,0.41,0.41,0.41,5.3,5.3,1.1,0.44,0.09,0.53,0.44,0.53,Matches
201,Wesley Hoedt\Wesley-Hoedt,nl NED,DF,Southampton,24,1994,13,13,1170,0,0,0,0,2,0,0,0,0,0,0,0.5,0.5,0,0.04,0,0.04,0.04,0.04,Matches
202,Jonathan Hogg\Jonathan-Hogg,eng ENG,MF,Huddersfield,29,1988,29,29,2367,0,1,0,0,8,1,0,0.04,0.04,0,0.04,0.3,0.3,0.5,0.01,0.02,0.03,0.01,0.03,Matches
203,Junior Hoilett\Junior-Hoilett,ca CAN,FWMF,Cardiff City,28,1990,32,23,2141,3,1,0,0,4,0,0.13,0.04,0.17,0.13,0.17,3.3,3.3,1.3,0.14,0.05,0.19,0.14,0.19,Matches
204,Rob Holding\Rob-Holding,eng ENG,DF,Arsenal,22,1995,10,9,807,0,0,0,0,1,0,0,0,0,0,0,0,0,0.1,0,0.02,0.02,0,0.02,Matches
205,José Holebas\Jose-Holebas,gr GRE,DF,Watford,34,1984,28,27,2393,3,6,0,0,12,1,0.11,0.23,0.34,0.11,0.34,1.2,1.2,3.7,0.04,0.14,0.18,0.04,0.18,Matches
206,Mason Holgate\Mason-Holgate,eng ENG,DF,Everton,21,1996,5,4,408,0,0,0,0,1,0,0,0,0,0,0,0,0,0,0,0,0,0,0,Matches
207,Callum Hudson-Odoi\Callum-Hudson-Odoi,eng ENG,FW,Chelsea,17,2000,10,4,393,0,1,0,0,0,0,0,0.23,0.23,0,0.23,0.7,0.7,1,0.16,0.22,0.37,0.16,0.37,Matches
208,Will Hughes\Will-Hughes,eng ENG,MFFW,Watford,23,1995,32,31,2418,2,4,0,0,5,0,0.07,0.15,0.22,0.07,0.22,2.5,2.5,3.4,0.09,0.13,0.22,0.09,0.22,Matches
209,Emerson Hyndman\Emerson-Hyndman,us USA,MF,Bournemouth,22,1996,1,0,38,0,0,0,0,0,0,0,0,0,0,0,0,0,0,0,0,0,0,0,Matches
210,Pierre Højbjerg\Pierre-Hojbjerg,dk DEN,MF,Southampton,22,1995,31,31,2760,4,3,0,0,8,2,0.13,0.1,0.23,0.13,0.23,2.5,2.5,2.3,0.08,0.07,0.16,0.08,0.16,Matches
211,Jordon Ibe\Jordon-Ibe,eng ENG,MFFW,Bournemouth,22,1995,19,9,797,1,1,0,0,1,0,0.11,0.11,0.23,0.11,0.23,0.6,0.6,0.7,0.07,0.07,0.14,0.07,0.14,Matches
212,Vicente Iborra\Vicente-Iborra,es ESP,MF,Leicester City,30,1988,8,3,229,0,0,0,0,0,0,0,0,0,0,0,0.2,0.2,0,0.07,0.02,0.09,0.07,0.09,Matches
213,Kelechi Iheanacho\Kelechi-Iheanacho,ng NGA,FWMF,Leicester City,21,1996,30,9,941,1,3,0,0,2,0,0.1,0.29,0.38,0.1,0.38,2.4,2.4,1.6,0.23,0.15,0.38,0.23,0.38,Matches
214,Danny Ings\Danny-Ings,eng ENG,FW,Southampton,26,1992,24,23,1651,7,3,3,3,1,0,0.38,0.16,0.55,0.22,0.38,8.6,6.4,2.5,0.47,0.14,0.61,0.35,0.49,Matches
215,Alex Iwobi\Alex-Iwobi,ng NGA,FWMF,Arsenal,22,1996,35,22,1970,3,6,0,0,0,0,0.14,0.27,0.41,0.14,0.41,3.3,3.3,5.5,0.15,0.25,0.4,0.15,0.4,Matches
216,José Izquierdo\Jose-Izquierdo,co COL,MFFW,Brighton,26,1992,15,9,795,0,1,0,0,1,0,0,0.11,0.11,0,0.11,0.7,0.7,0.5,0.08,0.06,0.14,0.08,0.14,Matches
217,Phil Jagielka\Phil-Jagielka,eng ENG,DFMF,Everton,35,1982,7,4,331,1,0,0,0,0,1,0.27,0,0.27,0.27,0.27,0.4,0.4,0.2,0.1,0.05,0.15,0.1,0.15,Matches
218,Alireza Jahanbakhsh\Alireza-Jahanbakhsh,ir IRN,FWMF,Brighton,24,1993,19,12,1020,0,0,0,0,2,0,0,0,0,0,0,0.8,0.8,0.3,0.07,0.03,0.1,0.07,0.1,Matches
219,Daryl Janmaat\Daryl-Janmaat,nl NED,DF,Watford,29,1989,18,17,1520,0,2,0,0,3,0,0,0.12,0.12,0,0.12,0.4,0.4,0.7,0.02,0.04,0.06,0.02,0.06,Matches
220,Vincent Janssen\Vincent-Janssen,nl NED,FW,Tottenham,24,1994,3,0,39,0,0,0,0,0,0,0,0,0,0,0,0.3,0.3,0,0.76,0,0.76,0.76,0.76,Matches
221,Carl Jenkinson\Carl-Jenkinson,eng ENG,DF,Arsenal,26,1992,3,2,166,0,0,0,0,0,0,0,0,0,0,0,0,0,0,0,0,0,0,0,Matches
222,Gabriel Jesus\Gabriel-Jesus,br BRA,FW,Manchester City,21,1997,29,8,1036,7,3,1,1,1,0,0.61,0.26,0.87,0.52,0.78,9.2,8.4,1.7,0.8,0.15,0.95,0.73,0.88,Matches
223,Raúl Jiménez\Raul-Jimenez,mx MEX,FW,Wolves,27,1991,38,36,3111,13,7,2,2,4,0,0.38,0.2,0.58,0.32,0.52,14.2,12.7,7.1,0.41,0.21,0.62,0.37,0.57,Matches
224,Stefan Johansen\Stefan-Johansen,no NOR,MF,Fulham,27,1991,12,4,417,0,0,0,0,4,0,0,0,0,0,0,0,0,0.1,0.01,0.01,0.02,0.01,0.02,Matches
225,Ben Johnson\Ben-Johnson,eng ENG,DF,West Ham,18,2000,1,1,62,0,0,0,0,0,0,0,0,0,0,0,0,0,0,0,0,0,0,0,Matches
226,Tyreke Johnson\Tyreke-Johnson,eng ENG,FW,Southampton,19,1998,1,0,1,0,0,0,0,0,0,0,0,0,0,0,0,0,0,0,0,0,0,0,Matches
227,Phil Jones\Phil-Jones,eng ENG,DF,Manchester Utd,26,1992,18,15,1263,0,1,0,0,1,0,0,0.07,0.07,0,0.07,0.4,0.4,0.5,0.03,0.04,0.07,0.03,0.07,Matches
228,Jorginho\Jorginho,it ITA,MF,Chelsea,26,1991,37,37,3156,2,0,1,1,8,0,0.06,0,0.06,0.03,0.03,1.5,0.7,3.2,0.04,0.09,0.13,0.02,0.11,Matches
229,Joselu\Joselu,es ESP,FW,Newcastle Utd,28,1990,16,5,596,2,0,0,0,1,0,0.3,0,0.3,0.3,0.3,1.5,1.5,0,0.22,0,0.22,0.22,0.22,Matches
230,Diogo Jota\Diogo-Jota,pt POR,FWMF,Wolves,21,1996,33,29,2355,9,5,0,0,11,0,0.34,0.19,0.54,0.34,0.54,8,8,4,0.31,0.15,0.46,0.31,0.46,Matches
231,Mathias Jørgensen\Mathias-Jorgensen,dk DEN,DF,Huddersfield,28,1990,24,24,2147,3,1,0,0,6,0,0.13,0.04,0.17,0.13,0.17,1,1,0.3,0.04,0.01,0.06,0.04,0.06,Matches
232,Christian Kabasele\Christian-Kabasele,be BEL,DF,Watford,27,1991,21,19,1586,0,0,0,0,4,1,0,0,0,0,0,1.3,1.3,0.1,0.08,0,0.08,0.08,0.08,Matches
233,Elias Kachunga\Elias-Kachunga,cd COD,FWMF,Huddersfield,26,1992,20,13,1182,0,0,0,0,2,0,0,0,0,0,0,1,1,0.2,0.08,0.01,0.09,0.08,0.09,Matches
234,Aboubakar Kamara\Aboubakar-Kamara,fr FRA,FWMF,Fulham,23,1995,13,5,693,3,0,1,2,2,0,0.39,0,0.39,0.26,0.26,3.7,2.2,1.1,0.48,0.14,0.62,0.28,0.42,Matches
235,Harry Kane\Harry-Kane,eng ENG,FW,Tottenham,25,1993,28,27,2424,17,4,4,4,5,0,0.63,0.15,0.78,0.48,0.63,14.1,11.1,4,0.53,0.15,0.68,0.41,0.56,Matches
236,N'Golo Kanté\NGolo-Kante,fr FRA,MF,Chelsea,27,1991,36,36,3092,4,4,0,0,3,0,0.12,0.12,0.23,0.12,0.23,2.7,2.7,3.7,0.08,0.11,0.19,0.08,0.19,Matches
237,Beram Kayal\Beram-Kayal,il ISR,MF,Brighton,30,1988,18,9,940,1,1,0,0,4,0,0.1,0.1,0.19,0.1,0.19,0.3,0.3,1,0.03,0.09,0.13,0.03,0.13,Matches
238,Michael Keane\Michael-Keane,eng ENG,DF,Everton,25,1993,33,33,2969,1,2,0,0,2,0,0.03,0.06,0.09,0.03,0.09,1.9,1.9,0.7,0.06,0.02,0.08,0.06,0.08,Matches
239,Neeskens Kebano\Neeskens-Kebano,cd COD,FWMF,Fulham,26,1992,7,0,108,0,0,0,0,0,0,0,0,0,0,0,0.1,0.1,0,0.05,0,0.05,0.05,0.05,Matches
240,Naby Keïta\Naby-Keita,gn GUI,MF,Liverpool,23,1995,25,16,1390,2,1,0,0,0,0,0.13,0.06,0.19,0.13,0.19,2.1,2.1,1.1,0.14,0.07,0.21,0.14,0.21,Matches
241,Martin Kelly\Martin-Kelly,eng ENG,DF,Crystal Palace,28,1990,13,12,1111,0,0,0,0,2,0,0,0,0,0,0,0.4,0.4,0.1,0.03,0,0.04,0.03,0.04,Matches
242,Kenedy\Kenedy,br BRA,MFFW,Newcastle Utd,22,1996,25,14,1348,1,1,0,1,1,0,0.07,0.07,0.13,0.07,0.13,2.5,1.7,0.8,0.16,0.05,0.22,0.11,0.17,Matches
243,Jonjoe Kenny\Jonjoe-Kenny,eng ENG,DF,Everton,21,1997,10,8,791,0,1,0,0,1,0,0,0.11,0.11,0,0.11,0.1,0.1,0.3,0.01,0.04,0.05,0.01,0.05,Matches
244,Max Kilman\Max-Kilman,eng ENG,DF,Wolves,21,1997,1,0,1,0,0,0,0,0,0,0,0,0,0,0,0,0,0,0,0,0,0,0,Matches
245,Joshua King\Joshua-King,no NOR,FW,Bournemouth,26,1992,35,34,2961,12,3,5,6,3,0,0.36,0.09,0.46,0.21,0.3,12.5,7.9,4.1,0.38,0.12,0.5,0.24,0.36,Matches
246,Anthony Knockaert\Anthony-Knockaert,fr FRA,FWMF,Brighton,26,1991,30,18,1837,2,6,0,0,4,1,0.1,0.29,0.39,0.1,0.39,2.9,2.9,4.2,0.14,0.21,0.35,0.14,0.35,Matches
247,Sead Kolašinac\Sead-Kolasinac,ba BIH,DF,Arsenal,25,1993,24,22,1887,0,5,0,0,5,0,0,0.24,0.24,0,0.24,0.5,0.5,5.5,0.02,0.26,0.28,0.02,0.28,Matches
248,Vincent Kompany\Vincent-Kompany,be BEL,DF,Manchester City,32,1986,17,13,1224,1,0,0,0,6,0,0.07,0,0.07,0.07,0.07,0.2,0.2,0.1,0.01,0.01,0.02,0.01,0.02,Matches
249,Terence Kongolo\Terence-Kongolo,nl NED,DF,Huddersfield,24,1994,32,32,2716,1,1,0,0,4,0,0.03,0.03,0.07,0.03,0.07,1.2,1.2,0.9,0.04,0.03,0.07,0.04,0.07,Matches
250,Laurent Koscielny\Laurent-Koscielny,fr FRA,DF,Arsenal,32,1985,17,13,1331,3,0,0,0,1,0,0.2,0,0.2,0.2,0.2,1.7,1.7,0.1,0.12,0.01,0.12,0.12,0.12,Matches
251,Cheikhou Kouyaté\Cheikhou-Kouyate,sn SEN,MF,Crystal Palace,28,1989,31,21,1899,0,2,0,0,3,0,0,0.09,0.09,0,0.09,1.4,1.4,0.9,0.07,0.04,0.11,0.07,0.11,Matches
252,Mateo Kovačić\Mateo-Kovacic,hr CRO,MF,Chelsea,24,1994,32,21,1735,0,2,0,0,3,0,0,0.1,0.1,0,0.1,1.8,1.8,2.4,0.09,0.12,0.22,0.09,0.22,Matches
253,Rajiv van La Parra\Rajiv-van-La-Parra,nl NED,MFFW,Huddersfield,27,1991,5,5,405,0,0,0,0,0,0,0,0,0,0,0,0.3,0.3,0.1,0.06,0.03,0.09,0.06,0.09,Matches
254,Alexandre Lacazette\Alexandre-Lacazette,fr FRA,FW,Arsenal,27,1991,35,27,2502,13,8,0,0,2,0,0.47,0.29,0.76,0.47,0.76,11.8,11.8,2.9,0.42,0.1,0.53,0.42,0.53,Matches
255,Adam Lallana\Adam-Lallana,eng ENG,MFFW,Liverpool,30,1988,13,5,468,0,0,0,0,1,0,0,0,0,0,0,0.4,0.4,0.5,0.07,0.1,0.17,0.07,0.17,Matches
256,Érik Lamela\Erik-Lamela,ar ARG,FWMF,Tottenham,26,1992,19,9,974,4,2,0,0,2,0,0.37,0.18,0.55,0.37,0.55,3.4,3.4,2.7,0.31,0.25,0.56,0.31,0.56,Matches
257,Manuel Lanzini\Manuel-Lanzini,ar ARG,MF,West Ham,25,1993,10,8,686,1,1,0,0,2,0,0.13,0.13,0.26,0.13,0.26,1.3,1.3,1.1,0.17,0.14,0.31,0.17,0.31,Matches
258,Aymeric Laporte\Aymeric-Laporte,fr FRA,DF,Manchester City,24,1994,35,34,3057,3,3,0,0,3,0,0.09,0.09,0.18,0.09,0.18,2.2,2.2,1.1,0.06,0.03,0.1,0.06,0.1,Matches
259,Jamaal Lascelles\Jamaal-Lascelles,eng ENG,DF,Newcastle Utd,24,1993,32,32,2745,0,1,0,0,4,0,0,0.03,0.03,0,0.03,0.5,0.5,0.3,0.02,0.01,0.03,0.02,0.03,Matches
260,Maxime Le Marchand\Maxime-Le-Marchand,fr FRA,DF,Fulham,28,1989,26,25,2250,0,1,0,0,5,0,0,0.04,0.04,0,0.04,0.2,0.2,0.6,0.01,0.02,0.03,0.01,0.03,Matches
261,Florian Lejeune\Florian-Lejeune,fr FRA,DF,Newcastle Utd,27,1991,12,12,1054,0,0,0,0,0,0,0,0,0,0,0,0.4,0.4,0.3,0.04,0.02,0.06,0.04,0.06,Matches
262,Mario Lemina\Mario-Lemina,ga GAB,MF,Southampton,24,1993,21,18,1613,1,1,0,0,5,0,0.06,0.06,0.11,0.06,0.11,1.2,1.2,0.4,0.07,0.02,0.09,0.07,0.09,Matches
263,Aaron Lennon\Aaron-Lennon,eng ENG,FWMF,Burnley,31,1987,16,14,1215,1,1,0,0,1,0,0.07,0.07,0.15,0.07,0.15,0.4,0.4,0.6,0.03,0.04,0.08,0.03,0.08,Matches
264,Bernd Leno\Bernd-Leno,de GER,GK,Arsenal,26,1992,32,31,2836,0,0,0,0,0,0,0,0,0,0,0,0,0,0,0,0,0,0,0,Matches
265,Jefferson Lerma\Jefferson-Lerma,co COL,MF,Bournemouth,23,1994,30,29,2506,2,0,0,0,12,0,0.07,0,0.07,0.07,0.07,1.1,1.1,0.9,0.04,0.03,0.07,0.04,0.07,Matches
266,Stephan Lichtsteiner\Stephan-Lichtsteiner,ch SUI,DF,Arsenal,34,1984,14,10,938,0,0,0,0,3,0,0,0,0,0,0,0,0,0,0,0,0.01,0,0.01,Matches
267,Victor Lindelöf\Victor-Lindelof,se SWE,DF,Manchester Utd,24,1994,30,29,2601,1,1,0,0,1,0,0.03,0.03,0.07,0.03,0.07,0.6,0.6,1,0.02,0.03,0.06,0.02,0.06,Matches
268,Jesse Lingard\Jesse-Lingard,eng ENG,FWMF,Manchester Utd,25,1992,27,19,1663,4,2,1,1,3,0,0.22,0.11,0.32,0.16,0.27,4.9,4.2,2.1,0.27,0.12,0.38,0.23,0.34,Matches
269,Fernando Llorente\Fernando-Llorente,es ESP,FW,Tottenham,33,1985,20,6,694,1,4,0,0,2,0,0.13,0.52,0.65,0.13,0.65,3,3,1.3,0.39,0.17,0.56,0.39,0.56,Matches
270,Hugo Lloris\Hugo-Lloris,fr FRA,GK,Tottenham,31,1986,33,33,2970,0,0,0,0,0,0,0,0,0,0,0,0,0,0,0,0,0,0,0,Matches
271,Jürgen Locadia\Jurgen-Locadia,nl NED,FWMF,Brighton,24,1993,26,12,1236,2,0,0,0,1,0,0.15,0,0.15,0.15,0.15,3.1,3.1,1,0.23,0.07,0.3,0.23,0.3,Matches
272,Ruben Loftus-Cheek\Ruben-Loftus-Cheek,eng ENG,MFFW,Chelsea,22,1996,24,6,998,6,2,0,0,0,0,0.54,0.18,0.72,0.54,0.72,2.9,2.9,1.4,0.26,0.13,0.39,0.26,0.39,Matches
273,Kevin Long\Kevin-Long,ie IRL,DF,Burnley,27,1990,6,5,514,0,1,0,0,0,0,0,0.18,0.18,0,0.18,0.1,0.1,0,0.01,0,0.01,0.01,0.01,Matches
274,Shane Long\Shane-Long,ie IRL,FWMF,Southampton,31,1987,26,12,1272,5,1,0,0,3,0,0.35,0.07,0.42,0.35,0.42,4.6,4.6,1,0.32,0.07,0.4,0.32,0.4,Matches
275,Sean Longstaff\Sean-Longstaff,eng ENG,MF,Newcastle Utd,20,1997,9,8,687,1,0,0,0,2,0,0.13,0,0.13,0.13,0.13,0.4,0.4,0.7,0.06,0.09,0.15,0.06,0.15,Matches
276,Ademola Lookman\Ademola-Lookman,eng ENG,FWMF,Everton,20,1997,21,3,618,0,2,0,0,0,0,0,0.29,0.29,0,0.29,1.2,1.2,1.2,0.18,0.18,0.36,0.18,0.36,Matches
277,Jonas Lössl\Jonas-Lossl,dk DEN,GK,Huddersfield,29,1989,31,30,2778,0,1,0,0,1,0,0,0.03,0.03,0,0.03,0,0,0.5,0,0.02,0.02,0,0.02,Matches
278,Dejan Lovren\Dejan-Lovren,hr CRO,DF,Liverpool,29,1989,13,11,986,1,0,0,0,1,0,0.09,0,0.09,0.09,0.09,0.7,0.7,0.2,0.07,0.02,0.09,0.07,0.09,Matches
279,Chris Löwe\Chris-Lowe,de GER,DFMF,Huddersfield,29,1989,29,23,2057,0,2,0,0,2,0,0,0.09,0.09,0,0.09,0.5,0.5,1.6,0.02,0.07,0.09,0.02,0.09,Matches
280,Matthew Lowton\Matthew-Lowton,eng ENG,DF,Burnley,29,1989,21,19,1750,0,0,0,0,7,0,0,0,0,0,0,0.5,0.5,0.6,0.02,0.03,0.06,0.02,0.06,Matches
281,David Luiz\David-Luiz,br BRA,DF,Chelsea,31,1987,36,36,3238,3,2,0,0,3,0,0.08,0.06,0.14,0.08,0.14,1.9,1.9,2.7,0.05,0.08,0.13,0.05,0.13,Matches
282,Romelu Lukaku\Romelu-Lukaku,be BEL,FW,Manchester Utd,25,1993,32,22,2136,12,0,0,0,4,0,0.51,0,0.51,0.51,0.51,11.1,11.1,2.6,0.47,0.11,0.58,0.47,0.58,Matches
283,James Maddison\James-Maddison,eng ENG,MFFW,Leicester City,21,1996,36,35,2831,7,7,1,2,4,1,0.22,0.22,0.45,0.19,0.41,7.4,5.9,7.1,0.24,0.23,0.46,0.19,0.41,Matches
284,Gary Madine\Gary-Madine,eng ENG,FWMF,Cardiff City,27,1990,5,0,37,0,0,0,0,0,0,0,0,0,0,0,0,0,0,0,0,0,0,0,Matches
285,Harry Maguire\Harry-Maguire,eng ENG,DF,Leicester City,25,1993,31,31,2596,3,0,0,0,6,1,0.1,0,0.1,0.1,0.1,1.5,1.5,0.3,0.05,0.01,0.06,0.05,0.06,Matches
286,Riyad Mahrez\Riyad-Mahrez,dz ALG,FWMF,Manchester City,27,1991,27,14,1343,7,4,0,1,0,0,0.47,0.27,0.74,0.47,0.74,5.6,4.8,4.1,0.38,0.28,0.65,0.32,0.6,Matches
287,Ainsley Maitland-Niles\Ainsley-Maitland-Niles,eng ENG,DF,Arsenal,20,1997,16,11,987,1,1,0,0,2,1,0.09,0.09,0.18,0.09,0.18,0.9,0.9,1.2,0.08,0.11,0.19,0.08,0.19,Matches
288,Sadio Mané\Sadio-Mane,sn SEN,FW,Liverpool,26,1992,36,35,3077,22,1,0,0,2,0,0.64,0.03,0.67,0.64,0.67,16.1,16.1,4.3,0.47,0.13,0.6,0.47,0.6,Matches
289,Javier Manquillo\Javier-Manquillo,es ESP,DF,Newcastle Utd,24,1994,18,12,1101,0,3,0,0,2,0,0,0.25,0.25,0,0.25,0.1,0.1,0.9,0.01,0.07,0.08,0.01,0.08,Matches
290,Solly March\Solly-March,eng ENG,FWMF,Brighton,24,1994,35,30,2463,1,5,0,0,1,0,0.04,0.18,0.22,0.04,0.22,2.6,2.6,3.8,0.09,0.14,0.23,0.09,0.23,Matches
291,Adrian Mariappa\Adrian-Mariappa,jm JAM,DF,Watford,31,1986,26,20,1927,0,0,0,0,3,0,0,0,0,0,0,0.8,0.8,0.7,0.04,0.03,0.07,0.04,0.07,Matches
292,Lazar Marković\Lazar-Markovic,rs SRB,FW,Fulham,24,1994,1,0,45,0,0,0,0,0,0,0,0,0,0,0,0,0,0,0,0.06,0.06,0,0.06,Matches
293,Anthony Martial\Anthony-Martial,fr FRA,FW,Manchester Utd,22,1995,27,18,1621,10,2,1,1,2,0,0.56,0.11,0.67,0.5,0.61,6.1,5.4,2.8,0.34,0.16,0.5,0.3,0.45,Matches
294,Adam Masina\Adam-Masina,it ITA,DF,Watford,24,1994,14,11,1004,0,1,0,0,5,0,0,0.09,0.09,0,0.09,0.1,0.1,0.4,0.01,0.03,0.04,0.01,0.04,Matches
295,Arthur Masuaku\Arthur-Masuaku,cd COD,DF,West Ham,24,1993,23,19,1759,0,1,0,0,2,0,0,0.05,0.05,0,0.05,0.1,0.1,1.5,0,0.07,0.08,0,0.08,Matches
296,Juan Mata\Juan-Mata,es ESP,FWMF,Manchester Utd,30,1988,22,16,1289,3,2,0,0,3,0,0.21,0.14,0.35,0.21,0.35,1.5,1.5,3,0.11,0.21,0.31,0.11,0.31,Matches
297,Nemanja Matić\Nemanja-Matic,rs SRB,MF,Manchester Utd,29,1988,28,28,2436,1,0,0,0,7,1,0.04,0,0.04,0.04,0.04,1.4,1.4,0.9,0.05,0.03,0.08,0.05,0.08,Matches
298,Joël Matip\Joel-Matip,cm CMR,DF,Liverpool,26,1991,22,17,1537,1,0,0,0,3,0,0.06,0,0.06,0.06,0.06,0.5,0.5,0.1,0.03,0.01,0.04,0.03,0.04,Matches
299,Konstantinos Mavropanos\Konstantinos-Mavropanos,gr GRE,DF,Arsenal,20,1997,4,3,148,0,0,0,0,1,0,0,0,0,0,0,0,0,0.2,0.03,0.13,0.16,0.03,0.16,Matches
300,Alfie Mawson\Alfie-Mawson,eng ENG,DF,Fulham,24,1994,15,13,1131,0,0,0,0,2,0,0,0,0,0,0,0.1,0.1,0,0.01,0,0.01,0.01,0.01,Matches
301,Isaac Mbenza\Isaac-Mbenza,be BEL,FWMF,Huddersfield,22,1996,22,10,986,1,1,0,0,1,0,0.09,0.09,0.18,0.09,0.18,1.1,1.1,0.8,0.1,0.07,0.17,0.1,0.17,Matches
302,James McArthur\James-McArthur,sco SCO,MF,Crystal Palace,30,1987,38,36,3058,3,6,0,0,7,0,0.09,0.18,0.26,0.09,0.26,5.4,5.4,3.3,0.16,0.1,0.26,0.16,0.26,Matches
303,Alex McCarthy\Alex-McCarthy,eng ENG,GK,Southampton,28,1989,25,25,2250,0,0,0,0,1,0,0,0,0,0,0,0,0,0,0,0,0,0,0,Matches
304,James McCarthy\James-McCarthy,ie IRL,MF,Everton,27,1990,1,0,15,0,0,0,0,0,0,0,0,0,0,0,0,0,0,0,0,0,0,0,Matches
305,Kevin McDonald\Kevin-McDonald,sco SCO,MF,Fulham,29,1988,15,10,841,0,0,0,0,5,1,0,0,0,0,0,0.1,0.1,0.1,0.01,0.01,0.02,0.01,0.02,Matches
306,Dwight McNeil\Dwight-McNeil,eng ENG,MFFW,Burnley,18,1999,21,19,1591,3,5,0,0,2,0,0.17,0.28,0.45,0.17,0.45,1.8,1.8,3.3,0.1,0.18,0.28,0.1,0.28,Matches
307,Scott McTominay\Scott-McTominay,sco SCO,MFDF,Manchester Utd,21,1996,16,9,867,2,0,0,0,1,0,0.21,0,0.21,0.21,0.21,1,1,0,0.1,0,0.1,0.1,0.1,Matches
308,Ben Mee\Ben-Mee,eng ENG,DF,Burnley,28,1989,38,38,3420,0,2,0,0,9,0,0,0.05,0.05,0,0.05,1.5,1.5,1.2,0.04,0.03,0.07,0.04,0.07,Matches
309,Nathaniel Mendez-Laing\Nathaniel-Mendez-Laing,eng ENG,MFFW,Cardiff City,26,1992,20,11,985,4,1,1,1,0,0,0.37,0.09,0.46,0.27,0.37,2.8,2.1,1.5,0.26,0.13,0.39,0.19,0.32,Matches
310,Benjamin Mendy\Benjamin-Mendy,fr FRA,DF,Manchester City,24,1994,10,10,900,0,5,0,0,1,0,0,0.5,0.5,0,0.5,0.2,0.2,1.3,0.02,0.13,0.15,0.02,0.15,Matches
311,Nampalys Mendy\Nampalys-Mendy,fr FRA,MF,Leicester City,26,1992,31,23,2092,0,0,0,0,5,0,0,0,0,0,0,0.1,0.1,0.2,0,0.01,0.01,0,0.01,Matches
312,Chris Mepham\Chris-Mepham,wal WAL,DF,Bournemouth,20,1997,13,10,850,0,1,0,0,1,0,0,0.11,0.11,0,0.11,0,0,0,0,0,0,0,0,Matches
313,Max Meyer\Max-Meyer,de GER,MFFW,Crystal Palace,22,1995,29,15,1416,1,2,0,0,3,0,0.06,0.13,0.19,0.06,0.19,2.2,2.2,1.2,0.14,0.08,0.22,0.14,0.22,Matches
314,Luka Milivojević\Luka-Milivojevic,rs SRB,MF,Crystal Palace,27,1991,38,38,3420,12,2,10,11,10,0,0.32,0.05,0.37,0.05,0.11,11.1,2.7,3,0.29,0.08,0.37,0.07,0.15,Matches
315,James Milner\James-Milner,eng ENG,MFDF,Liverpool,32,1986,31,19,1789,5,4,3,3,6,1,0.25,0.2,0.45,0.1,0.3,3.9,1.7,4.9,0.2,0.24,0.44,0.08,0.33,Matches
316,Yerry Mina\Yerry-Mina,co COL,DF,Everton,23,1994,13,10,892,1,0,0,0,3,0,0.1,0,0.1,0.1,0.1,0.4,0.4,0.2,0.04,0.02,0.06,0.04,0.06,Matches
317,Tyrone Mings\Tyrone-Mings,eng ENG,DF,Bournemouth,25,1993,5,2,143,0,0,0,0,0,0,0,0,0,0,0,0,0,0,0,0,0,0,0,Matches
318,Aleksandar Mitrović\Aleksandar-Mitrovic,rs SRB,FW,Fulham,23,1994,37,37,3280,11,3,1,1,7,0,0.3,0.08,0.38,0.27,0.36,14.6,13.9,2.5,0.4,0.07,0.47,0.38,0.45,Matches
319,Henrikh Mkhitaryan\Henrikh-Mkhitaryan,am ARM,FWMF,Arsenal,29,1989,25,19,1641,6,4,0,0,1,0,0.33,0.22,0.55,0.33,0.55,4.6,4.6,4.3,0.25,0.24,0.49,0.25,0.49,Matches
320,Nacho Monreal\Nacho-Monreal,es ESP,DF,Arsenal,32,1986,22,21,1861,1,3,0,0,5,0,0.05,0.15,0.19,0.05,0.19,1.3,1.3,1.3,0.06,0.06,0.13,0.06,0.13,Matches
321,Martín Montoya\Martin-Montoya,es ESP,DF,Brighton,27,1991,25,24,2167,0,1,0,0,4,0,0,0.04,0.04,0,0.04,0.2,0.2,1.1,0.01,0.05,0.05,0.01,0.05,Matches
322,Aaron Mooy\Aaron-Mooy,au AUS,MFFW,Huddersfield,27,1990,29,25,2330,3,1,1,1,4,0,0.12,0.04,0.15,0.08,0.12,2.4,1.6,2.8,0.09,0.11,0.2,0.06,0.17,Matches
323,Álvaro Morata\Alvaro-Morata,es ESP,FW,Chelsea,25,1992,16,11,941,5,0,0,0,3,0,0.48,0,0.48,0.48,0.48,6.3,6.3,0.2,0.6,0.02,0.62,0.6,0.62,Matches
324,Alberto Moreno\Alberto-Moreno,es ESP,DF,Liverpool,26,1992,2,2,154,0,0,0,0,0,0,0,0,0,0,0,0,0,0.2,0.01,0.12,0.13,0.01,0.13,Matches
325,Wes Morgan\Wes-Morgan,jm JAM,DF,Leicester City,34,1984,22,21,1925,3,0,0,0,3,2,0.14,0,0.14,0.14,0.14,1.9,1.9,0.2,0.09,0.01,0.1,0.09,0.1,Matches
326,Sean Morrison\Sean-Morrison,eng ENG,DF,Cardiff City,27,1991,34,34,3039,1,3,0,0,6,0,0.03,0.09,0.12,0.03,0.12,4.2,4.2,2.5,0.13,0.07,0.2,0.13,0.2,Matches
327,Victor Moses\Victor-Moses,ng NGA,FW,Chelsea,27,1990,2,0,28,0,0,0,0,0,0,0,0,0,0,0,0,0,0,0,0,0,0,0,Matches
328,Steve Mounié\Steve-Mounie,bj BEN,FW,Huddersfield,23,1994,31,19,1778,2,3,0,0,1,1,0.1,0.15,0.25,0.1,0.25,5.3,5.3,1.6,0.27,0.08,0.35,0.27,0.35,Matches
329,Lucas Moura\Lucas-Moura,br BRA,FWMF,Tottenham,25,1992,32,25,2121,10,0,0,0,3,0,0.42,0,0.42,0.42,0.42,5.4,5.4,1.9,0.23,0.08,0.31,0.23,0.31,Matches
330,Lys Mousset\Lys-Mousset,fr FRA,FWMF,Bournemouth,22,1996,24,1,368,1,0,0,0,1,0,0.24,0,0.24,0.24,0.24,1.7,1.7,0.5,0.42,0.12,0.54,0.42,0.54,Matches
331,João Moutinho\Joao-Moutinho,pt POR,MF,Wolves,31,1986,38,35,3032,1,8,0,0,4,0,0.03,0.24,0.27,0.03,0.27,0.6,0.6,5.7,0.02,0.17,0.19,0.02,0.19,Matches
332,Jacob Murphy\Jacob-Murphy,eng ENG,MFFW,Newcastle Utd,23,1995,9,3,302,0,1,0,0,0,0,0,0.3,0.3,0,0.3,0,0,0.4,0.01,0.12,0.14,0.01,0.14,Matches
333,Josh Murphy\Josh-Murphy,eng ENG,FWMF,Cardiff City,23,1995,29,22,1817,3,2,0,0,2,0,0.15,0.1,0.25,0.15,0.25,3.4,3.4,3,0.17,0.15,0.31,0.17,0.31,Matches
334,Glenn Murray\Glenn-Murray,eng ENG,FW,Brighton,34,1983,38,30,2508,13,1,4,4,5,0,0.47,0.04,0.5,0.32,0.36,10.4,7.4,0.8,0.37,0.03,0.4,0.27,0.29,Matches
335,Shkodran Mustafi\Shkodran-Mustafi,de GER,DF,Arsenal,26,1992,31,31,2611,2,0,0,0,9,0,0.07,0,0.07,0.07,0.07,1.3,1.3,0.2,0.04,0.01,0.05,0.04,0.05,Matches
336,Yoshinori Mutō\Yoshinori-Muto,jp JPN,FW,Newcastle Utd,26,1992,17,5,524,1,0,0,0,1,0,0.17,0,0.17,0.17,0.17,0.8,0.8,0.3,0.14,0.06,0.19,0.14,0.19,Matches
337,Georges-Kévin N'Koudou\Georges-Kevin-NKoudou,fr FRA,FW,Tottenham,23,1995,1,0,5,0,1,0,0,0,0,0,18,18,0,18,0,0,0.2,0,4.2,4.2,0,4.2,Matches
338,Samir Nasri\Samir-Nasri,fr FRA,MF,West Ham,31,1987,5,3,245,0,2,0,0,0,0,0,0.73,0.73,0,0.73,0.2,0.2,0.8,0.08,0.28,0.36,0.08,0.36,Matches
339,Marc Navarro\Marc-Navarro,es ESP,DF,Watford,23,1995,2,1,84,0,0,0,0,0,0,0,0,0,0,0,0,0,0,0,0,0,0,0,Matches
340,Wilfred Ndidi\Wilfred-Ndidi,ng NGA,MF,Leicester City,21,1996,38,37,3296,2,0,0,0,8,0,0.05,0,0.05,0.05,0.05,3.3,3.3,1.5,0.09,0.04,0.13,0.09,0.13,Matches
341,Rúben Neves\Ruben-Neves,pt POR,MF,Wolves,21,1997,35,34,3007,4,3,2,2,8,0,0.12,0.09,0.21,0.06,0.15,3.6,2.1,1.4,0.11,0.04,0.15,0.06,0.1,Matches
342,Oumar Niasse\Oumar-Niasse,sn SEN,FWMF,Everton,28,1990,5,0,63,0,0,0,0,0,0,0,0,0,0,0,0.5,0.5,0.1,0.67,0.21,0.88,0.67,0.88,Matches
343,Oumar Niasse\Oumar-Niasse,sn SEN,FW,Cardiff City,28,1990,13,12,931,0,0,0,0,0,0,0,0,0,0,0,2.9,2.9,0.4,0.28,0.04,0.32,0.28,0.32,Matches
344,Eddie Nketiah\Eddie-Nketiah,eng ENG,MFFW,Arsenal,19,1999,5,0,67,1,0,0,0,0,0,1.34,0,1.34,1.34,1.34,0.2,0.2,0.1,0.26,0.16,0.42,0.26,0.42,Matches
345,Mark Noble\Mark-Noble,eng ENG,MF,West Ham,31,1987,31,29,2291,5,5,4,4,6,1,0.2,0.2,0.39,0.04,0.24,3.8,0.7,2.4,0.15,0.09,0.24,0.03,0.12,Matches
346,Håvard Nordtveit\Havard-Nordtveit,no NOR,DF,Fulham,28,1990,5,4,362,0,1,0,0,0,0,0,0.25,0.25,0,0.25,0,0,0.2,0,0.05,0.05,0,0.05,Matches
347,Will Norris\Will-Norris,eng ENG,GK,Wolves,24,1993,1,0,1,0,0,0,0,0,0,0,0,0,0,0,0,0,0,0,0,0,0,0,Matches
348,Michael Obafemi\Michael-Obafemi,ie IRL,FW,Southampton,18,2000,6,1,137,1,1,0,0,1,0,0.66,0.66,1.31,0.66,1.31,1.8,1.8,0.2,1.17,0.15,1.32,1.17,1.32,Matches
349,Pedro Obiang\Pedro-Obiang,gq EQG,MF,West Ham,26,1992,24,12,1128,0,1,0,0,0,0,0,0.08,0.08,0,0.08,0.7,0.7,0.4,0.06,0.03,0.09,0.06,0.09,Matches
350,Denis Odoi\Denis-Odoi,be BEL,DF,Fulham,30,1988,31,29,2594,0,1,0,0,4,0,0,0.03,0.03,0,0.03,0.8,0.8,0.7,0.03,0.03,0.05,0.03,0.05,Matches
351,Angelo Ogbonna\Angelo-Ogbonna,it ITA,DF,West Ham,30,1988,24,20,1874,1,1,0,0,2,0,0.05,0.05,0.1,0.05,0.1,1.3,1.3,0.5,0.06,0.02,0.08,0.06,0.08,Matches
352,Stefano Okaka\Stefano-Okaka,it ITA,FW,Watford,28,1989,2,0,24,0,0,0,0,1,0,0,0,0,0,0,0.4,0.4,0.2,1.61,0.84,2.45,1.61,2.45,Matches
353,Shinji Okazaki\Shinji-Okazaki,jp JPN,FWMF,Leicester City,32,1986,21,1,288,0,1,0,0,0,0,0,0.31,0.31,0,0.31,0.3,0.3,0.3,0.1,0.08,0.18,0.1,0.18,Matches
354,Divock Origi\Divock-Origi,be BEL,FW,Liverpool,23,1995,12,4,371,3,1,0,0,0,0,0.73,0.24,0.97,0.73,0.97,2,2,0.2,0.49,0.04,0.53,0.49,0.53,Matches
355,Nicolás Otamendi\Nicolas-Otamendi,ar ARG,DF,Manchester City,30,1988,18,14,1236,0,0,0,0,1,0,0,0,0,0,0,1.2,1.2,0.2,0.09,0.01,0.1,0.09,0.1,Matches
356,Alex Oxlade-Chamberlain\Alex-Oxlade-Chamberlain,eng ENG,MFFW,Liverpool,24,1993,2,0,21,0,0,0,0,0,0,0,0,0,0,0,0.3,0.3,0,1.29,0.1,1.38,1.29,1.38,Matches
357,Mesut Özil\Mesut-Ozil,de GER,MFFW,Arsenal,29,1988,24,20,1735,5,2,0,0,2,0,0.26,0.1,0.36,0.26,0.36,1.6,1.6,5.6,0.08,0.29,0.38,0.08,0.38,Matches
358,Emerson Palmieri\Emerson-Palmieri,it ITA,DF,Chelsea,23,1994,10,7,663,0,0,0,0,0,0,0,0,0,0,0,0.2,0.2,0.6,0.03,0.08,0.11,0.03,0.11,Matches
359,Sokratis Papastathopoulos\Sokratis-Papastathopoulos,gr GRE,DF,Arsenal,30,1988,25,25,2198,1,2,0,0,12,0,0.04,0.08,0.12,0.04,0.12,0.8,0.8,0.5,0.03,0.02,0.05,0.03,0.05,Matches
360,Callum Paterson\Callum-Paterson,sco SCO,FWMF,Cardiff City,23,1994,27,21,1998,4,1,1,1,4,0,0.18,0.05,0.23,0.14,0.18,5.4,4.6,2,0.24,0.09,0.33,0.21,0.3,Matches
361,Rui Patrício\Rui-Patricio,pt POR,GK,Wolves,30,1988,37,37,3329,0,0,0,0,1,0,0,0,0,0,0,0,0,0,0,0,0,0,0,Matches
362,Pedro\Pedro,es ESP,FW,Chelsea,31,1987,31,21,1778,8,2,0,0,2,0,0.4,0.1,0.51,0.4,0.51,6.9,6.9,2.9,0.35,0.15,0.5,0.35,0.5,Matches
363,Lee Peltier\Lee-Peltier,eng ENG,DF,Cardiff City,31,1986,20,17,1544,0,0,0,0,4,0,0,0,0,0,0,0.1,0.1,0,0,0,0.01,0,0.01,Matches
364,Andreas Pereira\Andreas-Pereira,br BRA,MF,Manchester Utd,22,1996,15,6,599,1,1,0,0,5,0,0.15,0.15,0.3,0.15,0.3,0.3,0.3,0.8,0.04,0.12,0.16,0.04,0.16,Matches
365,Ricardo Pereira\Ricardo-Pereira,pt POR,DFFW,Leicester City,24,1993,35,35,3123,2,6,0,0,7,0,0.06,0.17,0.23,0.06,0.23,1.5,1.5,4.3,0.04,0.12,0.17,0.04,0.17,Matches
366,Roberto Pereyra\Roberto-Pereyra,ar ARG,FWMF,Watford,27,1991,33,33,2815,6,1,0,0,3,0,0.19,0.03,0.22,0.19,0.22,5.1,5.1,3.4,0.16,0.11,0.27,0.16,0.27,Matches
367,Ayoze Pérez\Ayoze-Perez,es ESP,FWMF,Newcastle Utd,25,1993,37,34,2917,12,2,0,0,2,0,0.37,0.06,0.43,0.37,0.43,7.5,7.5,3.6,0.23,0.11,0.34,0.23,0.34,Matches
368,Lucas Pérez\Lucas-Perez,es ESP,FW,West Ham,29,1988,15,4,475,3,0,0,0,0,0,0.57,0,0.57,0.57,0.57,1.9,1.9,0.8,0.36,0.15,0.51,0.36,0.51,Matches
369,Jordan Pickford\Jordan-Pickford,eng ENG,GK,Everton,24,1994,38,38,3420,0,0,0,0,1,0,0,0,0,0,0,0,0,0,0,0,0,0,0,Matches
370,Paul Pogba\Paul-Pogba,fr FRA,MF,Manchester Utd,25,1993,35,34,3006,13,9,7,10,6,0,0.39,0.27,0.66,0.18,0.45,14.5,6.8,5.2,0.43,0.16,0.59,0.2,0.36,Matches
371,Alex Pritchard\Alex-Pritchard,eng ENG,MFFW,Huddersfield,25,1993,30,26,2081,2,0,0,0,2,0,0.09,0,0.09,0.09,0.09,3.4,3.4,2,0.15,0.09,0.24,0.15,0.24,Matches
372,Sebastian Prödl\Sebastian-Prodl,at AUT,DF,Watford,31,1987,1,0,13,0,0,0,0,0,0,0,0,0,0,0,0,0,0,0,0,0,0,0,Matches
373,Davy Pröpper\Davy-Propper,nl NED,MF,Brighton,26,1991,30,30,2546,1,1,0,0,2,0,0.04,0.04,0.07,0.04,0.07,1.1,1.1,1,0.04,0.04,0.08,0.04,0.08,Matches
374,Jason Puncheon\Jason-Puncheon,eng ENG,MF,Crystal Palace,32,1986,5,0,13,0,0,0,0,0,0,0,0,0,0,0,0,0,0,0,0.16,0.16,0,0.16,Matches
375,Jason Puncheon\Jason-Puncheon,eng ENG,MFFW,Huddersfield,32,1986,6,5,382,0,0,0,0,1,0,0,0,0,0,0,0.7,0.7,0.8,0.16,0.19,0.35,0.16,0.35,Matches
376,Collin Quaner\Collin-Quaner,de GER,FWMF,Huddersfield,27,1991,2,0,39,0,0,0,0,0,0,0,0,0,0,0,0,0,0.1,0,0.22,0.22,0,0.22,Matches
377,Domingos Quina\Domingos-Quina,pt POR,MF,Watford,18,1999,8,3,338,1,0,0,0,0,0,0.27,0,0.27,0.27,0.27,0.2,0.2,0.1,0.04,0.03,0.08,0.04,0.08,Matches
378,Joe Ralls\Joe-Ralls,eng ENG,MF,Cardiff City,24,1993,28,22,1959,0,0,0,1,4,1,0,0,0,0,0,1.6,0.8,2,0.07,0.09,0.16,0.04,0.13,Matches
379,Aaron Ramsey\Aaron-Ramsey,wal WAL,MFFW,Arsenal,27,1990,28,14,1331,4,6,0,0,0,0,0.27,0.41,0.68,0.27,0.68,3.2,3.2,2.4,0.22,0.16,0.38,0.22,0.38,Matches
380,Kayne Ramsey\Kayne-Ramsey,eng ENG,DF,Southampton,17,2000,1,1,90,0,0,0,0,0,0,0,0,0,0,0,0,0,0,0,0,0,0,0,Matches
381,Marcus Rashford\Marcus-Rashford,eng ENG,FW,Manchester Utd,20,1997,33,26,2334,10,6,0,0,3,1,0.39,0.23,0.62,0.39,0.62,9.4,9.4,4.4,0.36,0.17,0.53,0.36,0.53,Matches
382,Tim Ream\Tim-Ream,us USA,DF,Fulham,30,1987,26,25,2047,0,0,0,0,1,0,0,0,0,0,0,0,0,0,0,0,0,0,0,Matches
383,Nathan Redmond\Nathan-Redmond,eng ENG,FWMF,Southampton,24,1994,38,36,3270,6,4,0,0,3,0,0.17,0.11,0.28,0.17,0.28,6.3,6.3,5.4,0.17,0.15,0.32,0.17,0.32,Matches
384,Bobby Reid\Bobby-Reid,jm JAM,FWMF,Cardiff City,25,1993,27,16,1424,5,2,1,1,0,0,0.32,0.13,0.44,0.25,0.38,4.4,3.7,1,0.28,0.06,0.34,0.23,0.29,Matches
385,Declan Rice\Declan-Rice,eng ENG,MF,West Ham,19,1999,34,34,3003,2,0,0,0,4,0,0.06,0,0.06,0.06,0.06,1.4,1.4,0.5,0.04,0.01,0.06,0.04,0.06,Matches
386,Jazz Richards\Jazz-Richards,wal WAL,DFMF,Cardiff City,27,1991,4,0,132,0,0,0,0,0,0,0,0,0,0,0,0,0,0,0,0,0,0,0,Matches
387,Richarlison\Richarlison,br BRA,FWMF,Everton,21,1997,35,32,2665,13,1,0,0,5,1,0.44,0.03,0.47,0.44,0.47,9,9,1.4,0.3,0.05,0.35,0.3,0.35,Matches
388,Diego Rico\Diego-Rico,es ESP,DFMF,Bournemouth,25,1993,12,5,612,0,0,0,0,1,0,0,0,0,0,0,0.2,0.2,1.1,0.03,0.17,0.2,0.03,0.2,Matches
389,Sergio Rico\Sergio-Rico,es ESP,GK,Fulham,24,1993,29,29,2610,0,0,0,0,1,0,0,0,0,0,0,0,0,0.2,0,0.01,0.01,0,0.01,Matches
390,Matt Ritchie\Matt-Ritchie,sco SCO,DFMF,Newcastle Utd,28,1989,36,35,2928,2,8,1,2,9,0,0.06,0.25,0.31,0.03,0.28,5,3.5,4.6,0.15,0.14,0.29,0.11,0.25,Matches
391,Andrew Robertson\Andrew-Robertson,sco SCO,DF,Liverpool,24,1994,36,36,3216,0,11,0,0,4,0,0,0.31,0.31,0,0.31,0.9,0.9,6.8,0.03,0.19,0.22,0.03,0.22,Matches
392,Marcos Rojo\Marcos-Rojo,ar ARG,DF,Manchester Utd,28,1990,5,2,212,0,0,0,0,2,0,0,0,0,0,0,0.3,0.3,0,0.11,0,0.11,0.11,0.11,Matches
393,Oriol Romeu\Oriol-Romeu,es ESP,MF,Southampton,26,1991,31,25,2136,1,0,0,0,11,0,0.04,0,0.04,0.04,0.04,0.8,0.8,0.4,0.03,0.01,0.05,0.03,0.05,Matches
394,Salomón Rondón\Salomon-Rondon,ve VEN,FW,Newcastle Utd,28,1989,32,30,2603,11,7,0,0,1,0,0.38,0.24,0.62,0.38,0.62,11,11,3.3,0.38,0.11,0.49,0.38,0.49,Matches
395,Danny Rose\Danny-Rose,eng ENG,DFMF,Tottenham,28,1990,26,20,1798,0,3,0,0,5,0,0,0.15,0.15,0,0.15,0.7,0.7,2.1,0.03,0.11,0.14,0.03,0.14,Matches
396,Aaron Rowe\Aaron-Rowe,eng ENG,FW,Huddersfield,17,2000,2,1,69,0,0,0,0,0,0,0,0,0,0,0,0,0,0,0,0,0,0,0,Matches
397,John Ruddy\John-Ruddy,eng ENG,GK,Wolves,31,1986,1,1,90,0,0,0,0,0,0,0,0,0,0,0,0,0,0,0,0,0,0,0,Matches
398,Antonio Rüdiger\Antonio-Rudiger,de GER,DF,Chelsea,25,1993,33,33,2871,1,0,0,0,7,0,0.03,0,0.03,0.03,0.03,2,2,0.5,0.06,0.02,0.08,0.06,0.08,Matches
399,Mathew Ryan\Mathew-Ryan,au AUS,GK,Brighton,26,1992,34,34,3060,0,0,0,0,2,0,0,0,0,0,0,0,0,0,0,0,0,0,0,Matches
400,Abdelhamid Sabiri\Abdelhamid-Sabiri,de GER,FW,Huddersfield,21,1996,2,1,48,0,0,0,0,0,0,0,0,0,0,0,0,0,0,0,0,0,0,0,Matches
401,Romain Saïss\Romain-Saiss,ma MAR,MFDF,Wolves,28,1990,19,12,1149,2,0,0,0,7,0,0.16,0,0.16,0.16,0.16,1.5,1.5,0.3,0.12,0.02,0.14,0.12,0.14,Matches
402,Bukayo Saka\Bukayo-Saka,eng ENG,FW,Arsenal,16,2001,1,0,8,0,0,0,0,0,0,0,0,0,0,0,0,0,0,0,0,0,0,0,Matches
403,Mamadou Sakho\Mamadou-Sakho,fr FRA,DF,Crystal Palace,28,1990,27,27,2416,0,0,0,0,2,0,0,0,0,0,0,0.8,0.8,0.5,0.03,0.02,0.05,0.03,0.05,Matches
404,Bakary Sako\Bakary-Sako,ml MLI,FWMF,Crystal Palace,30,1988,4,0,29,0,0,0,0,0,0,0,0,0,0,0,0,0,0,0,0,0,0,0,Matches
405,Mohamed Salah\Mohamed-Salah,eg EGY,FW,Liverpool,26,1992,38,37,3250,22,8,3,3,1,0,0.61,0.22,0.83,0.53,0.75,19.1,16.8,9.1,0.53,0.25,0.78,0.46,0.72,Matches
406,Alexis Sánchez\Alexis-Sanchez,cl CHI,FWMF,Manchester Utd,29,1988,20,9,880,1,3,0,0,3,0,0.1,0.31,0.41,0.1,0.41,1.5,1.5,3.1,0.15,0.31,0.46,0.15,0.46,Matches
407,Carlos Sánchez\Carlos-Sanchez,co COL,MF,West Ham,32,1986,7,2,245,0,0,0,0,0,0,0,0,0,0,0,0.1,0.1,0.1,0.03,0.02,0.05,0.03,0.05,Matches
408,Davinson Sánchez\Davinson-Sanchez,co COL,DF,Tottenham,22,1996,23,22,1942,1,1,0,0,2,0,0.05,0.05,0.09,0.05,0.09,1.2,1.2,0,0.05,0,0.06,0.05,0.06,Matches
409,Leroy Sané\Leroy-Sane,de GER,FW,Manchester City,22,1996,31,21,1867,10,10,0,0,1,0,0.48,0.48,0.96,0.48,0.96,6,6,6.6,0.29,0.32,0.61,0.29,0.61,Matches
410,Fabian Schär\Fabian-Schar,ch SUI,DF,Newcastle Utd,26,1991,24,22,1999,4,1,0,0,12,0,0.18,0.05,0.23,0.18,0.23,1.7,1.7,0.6,0.08,0.03,0.1,0.08,0.1,Matches
411,Christopher Schindler\Christopher-Schindler,de GER,DF,Huddersfield,28,1990,37,37,3260,1,0,0,0,5,1,0.03,0,0.03,0.03,0.03,1.4,1.4,0.2,0.04,0.01,0.05,0.04,0.05,Matches
412,Jeffrey Schlupp\Jeffrey-Schlupp,gh GHA,MFFW,Crystal Palace,25,1992,30,18,1670,4,1,0,0,1,0,0.22,0.05,0.27,0.22,0.27,3,3,1.5,0.16,0.08,0.25,0.16,0.25,Matches
413,Kasper Schmeichel\Kasper-Schmeichel,dk DEN,GK,Leicester City,31,1986,38,38,3420,0,0,0,0,3,0,0,0,0,0,0,0.1,0.1,0.4,0,0.01,0.01,0,0.01,Matches
414,Morgan Schneiderlin\Morgan-Schneiderlin,fr FRA,MF,Everton,28,1989,14,10,834,0,1,0,0,2,0,0,0.11,0.11,0,0.11,0.1,0.1,0.6,0.01,0.06,0.08,0.01,0.08,Matches
415,André Schürrle\Andre-Schurrle,de GER,FWMF,Fulham,27,1990,24,21,1641,6,0,0,0,2,0,0.33,0,0.33,0.33,0.33,3.4,3.4,1.6,0.18,0.09,0.27,0.18,0.27,Matches
416,Ken Sema\Ken-Sema,se SWE,FWMF,Watford,24,1993,17,9,754,1,2,0,0,1,0,0.12,0.24,0.36,0.12,0.36,0.8,0.8,0.4,0.09,0.05,0.14,0.09,0.14,Matches
417,Jean Seri\Jean-Seri,ci CIV,MF,Fulham,27,1991,32,27,2244,1,2,0,0,6,0,0.04,0.08,0.12,0.04,0.12,1.1,1.1,3.8,0.04,0.15,0.2,0.04,0.2,Matches
418,Ryan Sessegnon\Ryan-Sessegnon,eng ENG,FWDF,Fulham,18,2000,35,26,2300,2,6,0,0,0,0,0.08,0.23,0.31,0.08,0.31,3.2,3.2,4.8,0.12,0.19,0.31,0.12,0.31,Matches
419,Xherdan Shaqiri\Xherdan-Shaqiri,ch SUI,FWMF,Liverpool,26,1991,24,11,1064,6,3,0,0,2,0,0.51,0.25,0.76,0.51,0.76,3.7,3.7,1.9,0.32,0.16,0.47,0.32,0.47,Matches
420,Luke Shaw\Luke-Shaw,eng ENG,DF,Manchester Utd,23,1995,29,29,2591,1,4,0,0,11,0,0.03,0.14,0.17,0.03,0.17,1,1,3.5,0.03,0.12,0.16,0.03,0.16,Matches
421,Jonjo Shelvey\Jonjo-Shelvey,eng ENG,MF,Newcastle Utd,26,1992,16,10,948,1,1,0,0,1,0,0.09,0.09,0.19,0.09,0.19,1,1,1.4,0.09,0.13,0.22,0.09,0.22,Matches
422,Gylfi Sigurðsson\Gylfi-Sigurdsson,is ISL,MF,Everton,28,1989,38,36,3117,13,6,2,5,3,0,0.38,0.17,0.55,0.32,0.49,10.8,6.9,7,0.31,0.2,0.51,0.2,0.4,Matches
423,Adrien Silva\Adrien-Silva,pt POR,MF,Leicester City,29,1989,2,1,88,0,0,0,0,0,0,0,0,0,0,0,0,0,0,0,0,0,0,0,Matches
424,Bernardo Silva\Bernardo-Silva,pt POR,MFFW,Manchester City,23,1994,36,31,2854,7,7,0,0,3,0,0.22,0.22,0.44,0.22,0.44,6.5,6.5,7.4,0.21,0.23,0.44,0.21,0.44,Matches
425,David Silva\David-Silva,es ESP,MF,Manchester City,32,1986,33,28,2401,6,8,0,0,2,0,0.22,0.3,0.52,0.22,0.52,6.9,6.9,9,0.26,0.34,0.6,0.26,0.6,Matches
426,Xande Silva\Xande-Silva,pt POR,FW,West Ham,21,1997,1,0,18,0,0,0,0,0,0,0,0,0,0,0,0.1,0.1,0,0.33,0.1,0.43,0.33,0.43,Matches
427,Danny Simpson\Danny-Simpson,eng ENG,DF,Leicester City,31,1987,6,3,292,0,0,0,0,0,0,0,0,0,0,0,0,0,0,0,0,0,0,0,Matches
428,Jack Simpson\Jack-Simpson,eng ENG,DF,Bournemouth,21,1997,6,4,403,0,0,0,0,0,0,0,0,0,0,0,0.1,0.1,0.1,0.03,0.01,0.04,0.03,0.04,Matches
429,Josh Sims\Josh-Sims,eng ENG,FWMF,Southampton,21,1997,7,2,212,0,1,0,0,0,0,0,0.42,0.42,0,0.42,0.6,0.6,0.5,0.25,0.22,0.47,0.25,0.47,Matches
430,Moussa Sissoko\Moussa-Sissoko,fr FRA,MF,Tottenham,28,1989,29,27,2330,0,3,0,0,2,0,0,0.12,0.12,0,0.12,1.2,1.2,2.4,0.04,0.09,0.14,0.04,0.14,Matches
431,Oliver Skipp\Oliver-Skipp,eng ENG,MFFW,Tottenham,17,2000,8,2,220,0,0,0,0,0,0,0,0,0,0,0,0.1,0.1,0,0.02,0.01,0.03,0.02,0.03,Matches
432,Callum Slattery\Callum-Slattery,eng ENG,MF,Southampton,19,1999,3,1,112,0,0,0,0,0,0,0,0,0,0,0,0.2,0.2,0,0.14,0,0.14,0.14,0.14,Matches
433,Chris Smalling\Chris-Smalling,eng ENG,DF,Manchester Utd,28,1989,24,24,2127,1,0,0,0,1,0,0.04,0,0.04,0.04,0.04,1.1,1.1,0.4,0.05,0.02,0.06,0.05,0.06,Matches
434,Adam Smith\Adam-Smith,eng ENG,DF,Bournemouth,27,1991,25,25,2066,1,1,0,0,5,1,0.04,0.04,0.09,0.04,0.09,0.4,0.4,0.8,0.02,0.04,0.05,0.02,0.05,Matches
435,Tommy Smith\Tommy-Smith,eng ENG,DF,Huddersfield,26,1992,15,13,1141,0,0,0,0,2,1,0,0,0,0,0,0,0,0.5,0,0.04,0.04,0,0.04,Matches
436,Robert Snodgrass\Robert-Snodgrass,sco SCO,MFFW,West Ham,30,1987,33,25,2220,2,5,0,0,10,0,0.08,0.2,0.28,0.08,0.28,2.3,2.3,4.9,0.09,0.2,0.29,0.09,0.29,Matches
437,Cédric Soares\Cedric-Soares,pt POR,DF,Southampton,26,1991,18,16,1495,1,2,0,0,4,0,0.06,0.12,0.18,0.06,0.18,0.3,0.3,1.2,0.02,0.07,0.09,0.02,0.09,Matches
438,Ramadan Sobhi\Ramadan-Sobhi,eg EGY,FW,Huddersfield,21,1997,4,0,79,0,0,0,0,0,0,0,0,0,0,0,0,0,0.3,0,0.29,0.29,0,0.29,Matches
439,Dominic Solanke\Dominic-Solanke,eng ENG,FW,Bournemouth,20,1997,10,2,347,0,1,0,0,0,0,0,0.26,0.26,0,0.26,0.9,0.9,0.6,0.23,0.16,0.39,0.23,0.39,Matches
440,Pape Souaré\Pape-Souare,sn SEN,DF,Crystal Palace,28,1990,1,0,1,0,0,0,0,0,0,0,0,0,0,0,0,0,0,0,0,0,0,0,Matches
441,Çağlar Söyüncü\Caglar-Soyuncu,tr TUR,DF,Leicester City,22,1996,6,4,372,0,0,0,0,1,0,0,0,0,0,0,0.1,0.1,0,0.03,0,0.03,0.03,0.03,Matches
442,Julián Speroni\Julian-Speroni,ar ARG,GK,Crystal Palace,39,1979,1,1,90,0,0,0,0,0,0,0,0,0,0,0,0,0,0,0,0,0,0,0,Matches
443,Junior Stanislas\Junior-Stanislas,eng ENG,MFFW,Bournemouth,28,1989,23,11,1031,2,3,1,1,1,0,0.17,0.26,0.44,0.09,0.35,3.9,3.1,2.1,0.34,0.18,0.52,0.27,0.45,Matches
444,Dale Stephens\Dale-Stephens,eng ENG,MF,Brighton,29,1989,30,29,2485,1,1,0,0,6,1,0.04,0.04,0.07,0.04,0.07,0.3,0.3,0.8,0.01,0.03,0.04,0.01,0.04,Matches
445,Jack Stephens\Jack-Stephens,eng ENG,DF,Southampton,24,1994,24,19,1700,1,0,0,0,4,0,0.05,0,0.05,0.05,0.05,0.7,0.7,0.1,0.04,0.01,0.04,0.04,0.04,Matches
446,Raheem Sterling\Raheem-Sterling,eng ENG,FW,Manchester City,23,1994,34,31,2771,17,9,0,0,3,0,0.55,0.29,0.84,0.55,0.84,13.1,13.1,9.2,0.43,0.3,0.73,0.43,0.73,Matches
447,John Stones\John-Stones,eng ENG,DF,Manchester City,24,1994,24,20,1764,0,0,0,0,1,0,0,0,0,0,0,0.2,0.2,0.2,0.01,0.01,0.02,0.01,0.02,Matches
448,Daniel Sturridge\Daniel-Sturridge,eng ENG,FWMF,Liverpool,28,1989,18,4,509,2,1,0,0,1,0,0.35,0.18,0.53,0.35,0.53,1.2,1.2,1.2,0.21,0.21,0.42,0.21,0.42,Matches
449,Denis Suárez\Denis-Suarez,es ESP,FW,Arsenal,24,1994,4,0,71,0,0,0,0,0,0,0,0,0,0,0,0,0,0,0,0,0,0,0,Matches
450,Isaac Success\Isaac-Success,ng NGA,FWMF,Watford,22,1996,30,9,1052,1,1,0,0,4,0,0.09,0.09,0.17,0.09,0.17,2.7,2.7,2.1,0.23,0.18,0.41,0.23,0.41,Matches
451,Ki Sung-yueng\Ki-Sung-yueng,kr KOR,MF,Newcastle Utd,29,1989,18,14,1302,0,1,0,0,2,0,0,0.07,0.07,0,0.07,0.2,0.2,0.9,0.01,0.06,0.07,0.01,0.07,Matches
452,Andrew Surman\Andrew-Surman,eng ENG,MF,Bournemouth,31,1986,18,16,1439,0,0,0,0,2,0,0,0,0,0,0,0.3,0.3,0.7,0.02,0.04,0.06,0.02,0.06,Matches
453,Sam Surridge\Sam-Surridge,eng ENG,FWDF,Bournemouth,20,1998,2,0,13,0,0,0,0,0,0,0,0,0,0,0,0.4,0.4,0.1,2.7,0.44,3.14,2.7,3.14,Matches
454,Alexander Sørloth\Alexander-Sorloth,no NOR,FWMF,Crystal Palace,22,1995,12,0,185,0,0,0,0,0,0,0,0,0,0,0,0.2,0.2,0.6,0.11,0.29,0.4,0.11,0.4,Matches
455,Matt Targett\Matt-Targett,eng ENG,DFMF,Southampton,22,1995,16,13,1186,1,3,0,0,2,0,0.08,0.23,0.3,0.08,0.3,0.6,0.6,2.5,0.04,0.19,0.24,0.04,0.24,Matches
456,James Tarkowski\James-Tarkowski,eng ENG,DF,Burnley,25,1992,35,35,3086,3,1,0,0,8,0,0.09,0.03,0.12,0.09,0.12,3.6,3.6,0.3,0.11,0.01,0.11,0.11,0.11,Matches
457,Charlie Taylor\Charlie-Taylor,eng ENG,DF,Burnley,24,1993,38,35,3243,0,1,0,0,2,0,0,0.03,0.03,0,0.03,0.1,0.1,1.1,0,0.03,0.03,0,0.03,Matches
458,Youri Tielemans\Youri-Tielemans,be BEL,MF,Leicester City,21,1997,13,13,1086,3,4,0,0,2,0,0.25,0.33,0.58,0.25,0.58,1.8,1.8,2.5,0.15,0.21,0.36,0.15,0.36,Matches
459,James Tomkins\James-Tomkins,eng ENG,DF,Crystal Palace,29,1989,29,29,2560,1,1,0,0,5,0,0.04,0.04,0.07,0.04,0.07,1.3,1.3,0.9,0.04,0.03,0.08,0.04,0.08,Matches
460,Lucas Torreira\Lucas-Torreira,uy URU,MF,Arsenal,22,1996,34,24,2382,2,2,0,0,7,1,0.08,0.08,0.15,0.08,0.15,1.7,1.7,1.3,0.06,0.05,0.11,0.06,0.11,Matches
461,Cenk Tosun\Cenk-Tosun,tr TUR,FW,Everton,27,1991,25,10,1059,3,3,0,0,3,0,0.25,0.25,0.51,0.25,0.51,3.9,3.9,0.5,0.33,0.05,0.37,0.33,0.37,Matches
462,Andros Townsend\Andros-Townsend,eng ENG,FWMF,Crystal Palace,27,1991,38,34,3009,6,4,0,0,1,0,0.18,0.12,0.3,0.18,0.3,4.9,4.9,5.2,0.15,0.16,0.3,0.15,0.3,Matches
463,Adama Traoré\Adama-Traore,es ESP,FWDF,Wolves,22,1996,29,8,902,1,1,0,0,1,0,0.1,0.1,0.2,0.1,0.2,1.2,1.2,1.8,0.12,0.18,0.3,0.12,0.3,Matches
464,Mark Travers\Mark-Travers,ie IRL,GK,Bournemouth,19,1999,2,2,180,0,0,0,0,0,0,0,0,0,0,0,0,0,0,0,0,0,0,0,Matches
465,Kieran Trippier\Kieran-Trippier,eng ENG,DF,Tottenham,27,1990,27,26,2276,1,3,0,0,2,0,0.04,0.12,0.16,0.04,0.16,0.5,0.5,4.2,0.02,0.17,0.19,0.02,0.19,Matches
466,Antonio Valencia\Antonio-Valencia,ec ECU,DFMF,Manchester Utd,32,1985,6,5,466,0,0,0,0,2,0,0,0,0,0,0,0.1,0.1,0.6,0.01,0.12,0.14,0.01,0.14,Matches
467,Yan Valery\Yan-Valery,fr FRA,DFMF,Southampton,19,1999,23,20,1712,2,1,0,0,4,1,0.11,0.05,0.16,0.11,0.16,0.6,0.6,0.2,0.03,0.01,0.04,0.03,0.04,Matches
468,Jamie Vardy\Jamie-Vardy,eng ENG,FW,Leicester City,31,1987,34,30,2726,18,4,4,5,3,1,0.59,0.13,0.73,0.46,0.59,17.5,13.7,4.4,0.58,0.14,0.72,0.45,0.6,Matches
469,Jan Vertonghen\Jan-Vertonghen,be BEL,DF,Tottenham,31,1987,22,22,1911,1,0,0,0,4,1,0.05,0,0.05,0.05,0.05,1.5,1.5,0.2,0.07,0.01,0.08,0.07,0.08,Matches
470,Jannik Vestergaard\Jannik-Vestergaard,dk DEN,DF,Southampton,25,1992,23,23,2027,0,0,0,0,2,0,0,0,0,0,0,0.5,0.5,0.6,0.02,0.03,0.05,0.02,0.05,Matches
471,Luciano Vietto\Luciano-Vietto,ar ARG,FWMF,Fulham,24,1993,20,10,986,1,4,0,0,1,0,0.09,0.37,0.46,0.09,0.46,2.1,2.1,2.2,0.2,0.2,0.4,0.2,0.4,Matches
472,Rúben Vinagre\Ruben-Vinagre,pt POR,DFMF,Wolves,19,1999,17,7,710,0,0,0,0,1,0,0,0,0,0,0,0.3,0.3,0.8,0.04,0.1,0.14,0.04,0.14,Matches
473,Sam Vokes\Sam-Vokes,wal WAL,FW,Burnley,28,1989,20,10,915,3,0,0,0,0,0,0.3,0,0.3,0.3,0.3,2.7,2.7,0.5,0.26,0.04,0.31,0.26,0.31,Matches
474,Michel Vorm\Michel-Vorm,nl NED,GK,Tottenham,34,1983,2,2,180,0,0,0,0,0,0,0,0,0,0,0,0,0,0,0,0,0,0,0,Matches
475,Matěj Vydra\Matej-Vydra,cz CZE,FWMF,Burnley,26,1992,13,3,318,1,1,0,0,1,0,0.28,0.28,0.57,0.28,0.57,1.4,1.4,0.2,0.41,0.07,0.48,0.41,0.48,Matches
476,Theo Walcott\Theo-Walcott,eng ENG,FWMF,Everton,29,1989,37,24,2119,5,2,0,0,1,0,0.21,0.08,0.3,0.21,0.3,5.7,5.7,2.5,0.24,0.11,0.35,0.24,0.35,Matches
477,Kyle Walker\Kyle-Walker,eng ENG,DF,Manchester City,28,1990,33,30,2779,1,1,0,0,3,0,0.03,0.03,0.06,0.03,0.06,0.7,0.7,1.7,0.02,0.05,0.08,0.02,0.08,Matches
478,Kyle Walker-Peters\Kyle-Walker-Peters,eng ENG,DF,Tottenham,21,1997,6,4,376,0,3,0,0,1,0,0,0.72,0.72,0,0.72,0.4,0.4,0.7,0.09,0.17,0.26,0.09,0.26,Matches
479,Aaron Wan-Bissaka\Aaron-Wan-Bissaka,eng ENG,DF,Crystal Palace,20,1997,35,35,3134,0,3,0,0,4,1,0,0.09,0.09,0,0.09,0.5,0.5,1.8,0.01,0.05,0.07,0.01,0.07,Matches
480,Victor Wanyama\Victor-Wanyama,ke KEN,MF,Tottenham,27,1991,13,4,516,1,0,0,0,2,0,0.17,0,0.17,0.17,0.17,1,1,0,0.17,0.01,0.18,0.17,0.18,Matches
481,Danny Ward\Danny-Ward,eng ENG,FW,Cardiff City,26,1991,14,4,445,1,0,0,0,0,0,0.2,0,0.2,0.2,0.2,0.6,0.6,0.2,0.12,0.03,0.15,0.12,0.15,Matches
482,Joel Ward\Joel-Ward,eng ENG,DF,Crystal Palace,28,1989,7,6,552,1,0,0,0,1,0,0.16,0,0.16,0.16,0.16,0.7,0.7,0.2,0.11,0.03,0.14,0.11,0.14,Matches
483,Stephen Ward\Stephen-Ward,ie IRL,DF,Burnley,32,1985,3,3,228,0,0,0,0,1,0,0,0,0,0,0,0.1,0.1,0.1,0.04,0.02,0.06,0.04,0.06,Matches
484,James Ward-Prowse\James-Ward-Prowse,eng ENG,MFDF,Southampton,23,1994,26,21,1945,7,0,1,1,4,0,0.32,0,0.32,0.28,0.28,3.7,2.9,3.2,0.17,0.15,0.32,0.14,0.29,Matches
485,Danny Welbeck\Danny-Welbeck,eng ENG,FWMF,Arsenal,27,1990,8,1,153,1,1,0,0,0,0,0.59,0.59,1.18,0.59,1.18,0.5,0.5,0.7,0.3,0.42,0.72,0.3,0.72,Matches
486,Ashley Westwood\Ashley-Westwood,eng ENG,MF,Burnley,28,1990,34,31,2824,2,7,0,0,5,0,0.06,0.22,0.29,0.06,0.29,2.1,2.1,5.1,0.07,0.16,0.23,0.07,0.23,Matches
487,Connor Wickham\Connor-Wickham,eng ENG,FW,Crystal Palace,25,1993,6,0,67,0,1,0,0,0,0,0,1.34,1.34,0,1.34,0.5,0.5,0.3,0.68,0.45,1.13,0.68,1.13,Matches
488,Georginio Wijnaldum\Georginio-Wijnaldum,nl NED,MF,Liverpool,27,1990,35,32,2725,3,0,0,0,3,0,0.1,0,0.1,0.1,0.1,2.4,2.4,1.2,0.08,0.04,0.12,0.08,0.12,Matches
489,Danny Williams\Danny-Williams,us USA,MF,Huddersfield,29,1989,5,1,96,0,0,0,0,1,0,0,0,0,0,0,0,0,0,0.02,0.02,0.04,0.02,0.04,Matches
490,Willian\Willian,br BRA,FW,Chelsea,29,1988,32,26,2097,3,6,0,0,2,0,0.13,0.26,0.39,0.13,0.39,4.6,4.6,6.2,0.2,0.27,0.46,0.2,0.46,Matches
491,Joe Willock\Joe-Willock,eng ENG,MF,Arsenal,18,1999,2,1,64,0,0,0,0,0,0,0,0,0,0,0,0.1,0.1,0,0.17,0,0.17,0.17,0.17,Matches
492,Ben Wilmot\Ben-Wilmot,eng ENG,MF,Watford,18,1999,2,0,28,0,0,0,0,0,0,0,0,0,0,0,0,0,0,0,0,0,0,0,Matches
493,Jack Wilshere\Jack-Wilshere,eng ENG,MF,West Ham,26,1992,8,4,392,0,1,0,0,2,0,0,0.23,0.23,0,0.23,0.2,0.2,0.4,0.05,0.09,0.14,0.05,0.14,Matches
494,Callum Wilson\Callum-Wilson,eng ENG,FW,Bournemouth,26,1992,30,29,2528,14,9,1,2,3,0,0.5,0.32,0.82,0.46,0.78,14.1,12.6,4.2,0.5,0.15,0.65,0.45,0.6,Matches
495,Harry Winks\Harry-Winks,eng ENG,MF,Tottenham,22,1996,26,17,1597,1,0,0,0,4,0,0.06,0,0.06,0.06,0.06,0.6,0.6,0.2,0.04,0.01,0.04,0.04,0.04,Matches
496,Chris Wood\Chris-Wood,nz NZL,FW,Burnley,26,1991,38,29,2588,10,2,0,0,2,0,0.35,0.07,0.42,0.35,0.42,8.9,8.9,2,0.31,0.07,0.38,0.31,0.38,Matches
497,Granit Xhaka\Granit-Xhaka,ch SUI,MFDF,Arsenal,25,1992,29,29,2498,4,2,0,0,10,0,0.14,0.07,0.22,0.14,0.22,1.6,1.6,3.6,0.06,0.13,0.19,0.06,0.19,Matches
498,Andriy Yarmolenko\Andriy-Yarmolenko,ua UKR,FWMF,West Ham,28,1989,9,5,459,2,0,0,0,2,0,0.39,0,0.39,0.39,0.39,1,1,0.5,0.21,0.11,0.31,0.21,0.31,Matches
499,DeAndre Yedlin\DeAndre-Yedlin,us USA,DF,Newcastle Utd,25,1993,29,28,2473,1,2,0,0,6,1,0.04,0.07,0.11,0.04,0.11,1,1,2.9,0.04,0.1,0.14,0.04,0.14,Matches
500,Maya Yoshida\Maya-Yoshida,jp JPN,DF,Southampton,29,1988,17,17,1518,0,1,0,0,0,0,0,0.06,0.06,0,0.06,1.7,1.7,0.4,0.1,0.02,0.13,0.1,0.13,Matches
501,Ashley Young\Ashley-Young,eng ENG,DF,Manchester Utd,33,1985,30,28,2569,2,2,0,0,9,1,0.07,0.07,0.14,0.07,0.14,0.4,0.4,3.4,0.01,0.12,0.13,0.01,0.13,Matches
502,Pablo Zabaleta\Pablo-Zabaleta,ar ARG,DF,West Ham,33,1985,26,23,2092,0,1,0,0,4,0,0,0.04,0.04,0,0.04,0.2,0.2,0.8,0.01,0.03,0.04,0.01,0.04,Matches
503,Wilfried Zaha\Wilfried-Zaha,ci CIV,FW,Crystal Palace,25,1992,34,34,3036,10,5,0,0,9,1,0.3,0.15,0.44,0.3,0.44,6.6,6.6,5.6,0.2,0.16,0.36,0.2,0.36,Matches
504,Andre-Frank Zambo Anguissa\Andre-Frank-Zambo-Anguissa,cm CMR,MF,Fulham,22,1995,22,16,1517,0,0,0,0,2,1,0,0,0,0,0,0.8,0.8,0.4,0.05,0.02,0.07,0.05,0.07,Matches
505,Davide Zappacosta\Davide-Zappacosta,it ITA,DF,Chelsea,26,1992,4,1,128,0,0,0,0,0,0,0,0,0,0,0,0.1,0.1,0.1,0.04,0.1,0.14,0.04,0.14,Matches
506,Oleksandr Zinchenko\Oleksandr-Zinchenko,ua UKR,DF,Manchester City,21,1996,14,14,1151,0,3,0,0,1,0,0,0.23,0.23,0,0.23,0.1,0.1,1.3,0.01,0.1,0.11,0.01,0.11,Matches
507,Kenneth Zohore\Kenneth-Zohore,dk DEN,FW,Cardiff City,24,1994,19,7,753,1,1,0,0,1,0,0.12,0.12,0.24,0.12,0.24,1.9,1.9,1.1,0.22,0.13,0.35,0.22,0.35,Matches
508,Kurt Zouma\Kurt-Zouma,fr FRA,DF,Everton,23,1994,32,29,2612,2,2,0,0,4,1,0.07,0.07,0.14,0.07,0.14,1.3,1.3,0.3,0.04,0.01,0.06,0.04,0.06,Matches