,,,,,,,Playing Time,Playing Time,Playing Time,Performance,Performance,Performance,Performance,Performance,Performance,Per 90 Minutes,Per 90 Minutes,Per 90 Minutes,Per 90 Minutes,Per 90 Minutes,Expected,Expected,Expected,Per 90 Minutes,Per 90 Minutes,Per 90 Minutes,Per 90 Minutes,Per 90 Minutes,
Rk,Player,Nation,Pos,Squad,Age,Born,MP,Starts,Min,Gls,Ast,PK,PKatt,CrdY,CrdR,Gls,Ast,G+A,G-PK,G+A-PK,xG,npxG,xA,xG,xA,xG+xA,npxG,npxG+xA,Matches
1,Antonio Adán\Antonio-Adan,es ESP,GK,Atlético Madrid,31,1987,1,1,90,0,0,0,0,1,0,0,0,0,0,0,0,0,0,0,0,0,0,0,Matches
2,Aday\Aday,es ESP,DFMF,Girona,30,1987,10,8,645,0,2,0,0,2,0,0,0.28,0.28,0,0.28,0.2,0.2,0.8,0.03,0.11,0.14,0.03,0.14,Matches
3,Aritz Aduriz\Aritz-Aduriz,es ESP,FW,Athletic Club,37,1981,20,10,943,2,0,2,2,5,0,0.19,0,0.19,0,0,3.3,1.8,0.4,0.32,0.04,0.36,0.17,0.21,Matches
4,Luis Advíncula\Luis-Advincula,pe PER,DF,Rayo Vallecano,28,1990,28,27,2389,1,3,0,0,6,2,0.04,0.11,0.15,0.04,0.15,0.9,0.9,1.9,0.03,0.07,0.1,0.03,0.1,Matches
5,Martin Agirregabiria\Martin-Agirregabiria,es ESP,DF,Alavés,22,1996,27,23,2032,0,0,0,0,4,0,0,0,0,0,0,0.1,0.1,0.4,0.01,0.02,0.02,0.01,0.02,Matches
6,Juan Aguilera\Juan-Aguilera,es ESP,MF,Huesca,32,1985,6,4,344,0,0,0,0,1,0,0,0,0,0,0,0.5,0.5,0,0.13,0.01,0.15,0.13,0.15,Matches
7,Carlos Akapo\Carlos-Akapo,gq EQG,DF,Huesca,25,1993,13,12,1023,0,0,0,0,2,0,0,0,0,0,0,0.3,0.3,0.3,0.03,0.03,0.06,0.03,0.06,Matches
8,Sergio Akieme\Sergio-Akieme,es ESP,DF,Rayo Vallecano,20,1997,2,2,180,0,1,0,0,0,0,0,0.5,0.5,0,0.5,0,0,0.1,0,0.03,0.03,0,0.03,Matches
9,Jordi Alba\Jordi-Alba,es ESP,DF,Barcelona,29,1989,36,32,2991,2,8,0,0,6,0,0.06,0.24,0.3,0.06,0.3,1.8,1.8,5.1,0.05,0.15,0.21,0.05,0.21,Matches
10,Pedro Alcalá\Pedro-Alcala,es ESP,DF,Girona,29,1989,25,20,1868,1,1,0,0,9,0,0.05,0.05,0.1,0.05,0.1,0.9,0.9,0.3,0.04,0.02,0.06,0.04,0.06,Matches
11,Rubén Alcaraz\Ruben-Alcaraz,es ESP,MF,Valladolid,27,1991,34,34,2976,3,2,0,1,13,0,0.09,0.06,0.15,0.09,0.15,3.3,2.6,1.3,0.1,0.04,0.14,0.08,0.12,Matches
12,Álex Alegría\Alex-Alegria,es ESP,FWMF,Rayo Vallecano,25,1992,9,0,140,0,0,0,0,0,0,0,0,0,0,0,0.2,0.2,0.3,0.15,0.17,0.32,0.15,0.32,Matches
13,Iván Alejo\Ivan-Alejo,es ESP,MFFW,Getafe,23,1995,4,2,146,0,0,0,0,2,1,0,0,0,0,0,0.1,0.1,0.1,0.04,0.09,0.13,0.04,0.13,Matches
14,Carles Aleñá\Carles-Alena,es ESP,MF,Barcelona,20,1998,17,6,637,2,0,0,0,2,0,0.28,0,0.28,0.28,0.28,1.5,1.5,0.7,0.21,0.09,0.3,0.21,0.3,Matches
15,Alexander\Alexander,ar ARG,DF,Leganés,29,1988,1,0,10,0,0,0,0,0,0,0,0,0,0,0,0,0,0,0,0,0,0,0,Matches
16,Júnior Alonso\Junior-Alonso,py PAR,DFMF,Celta Vigo,25,1993,9,6,536,0,0,0,0,2,0,0,0,0,0,0,0.4,0.4,0.2,0.06,0.04,0.1,0.06,0.1,Matches
17,Sergio Álvarez\Sergio-Alvarez,es ESP,GK,Celta Vigo,31,1986,13,13,1170,0,0,0,0,1,0,0,0,0,0,0,0,0,0,0,0,0,0,0,Matches
18,Sergio Álvarez\Sergio-Alvarez,es ESP,MFDF,Eibar,26,1992,19,12,1069,0,0,0,0,1,0,0,0,0,0,0,0.2,0.2,0,0.02,0,0.02,0.02,0.02,Matches
19,Yeray Álvarez\Yeray-Alvarez,es ESP,DF,Athletic Club,23,1995,30,30,2613,0,0,0,0,10,0,0,0,0,0,0,1.4,1,0,0.05,0,0.05,0.04,0.04,Matches
20,Ibrahim Amadou\Ibrahim-Amadou,fr FRA,MFDF,Sevilla,25,1993,17,7,762,0,0,0,0,2,0,0,0,0,0,0,0.8,0.8,0.1,0.09,0.01,0.1,0.09,0.1,Matches
21,Jordi Amat\Jordi-Amat,es ESP,DF,Rayo Vallecano,26,1992,31,31,2763,0,0,0,0,9,0,0,0,0,0,0,0.7,0.7,0.1,0.02,0,0.03,0.02,0.03,Matches
22,Amath\Amath,sn SEN,MFFW,Getafe,22,1996,15,13,1002,1,2,0,0,4,0,0.09,0.18,0.27,0.09,0.27,1.6,1.6,0.7,0.14,0.07,0.21,0.14,0.21,Matches
23,Miguel Ángel Moyá\Miguel-Angel-Moya,es ESP,GK,Real Sociedad,34,1984,11,11,990,0,0,0,0,1,0,0,0,0,0,0,0,0,0,0,0,0,0,0,Matches
24,José Ángel\Jose-Angel,es ESP,DF,Eibar,28,1989,35,34,3028,1,1,0,0,10,0,0.03,0.03,0.06,0.03,0.06,0.7,0.7,3.6,0.02,0.11,0.13,0.02,0.13,Matches
25,Antoñito\Antonito,es ESP,DFMF,Valladolid,30,1987,30,18,1863,2,1,0,0,5,0,0.1,0.05,0.14,0.1,0.14,1,1,1.9,0.05,0.09,0.14,0.05,0.14,Matches
26,Vitorino Antunes\Vitorino-Antunes,pt POR,DF,Getafe,31,1987,28,25,2181,1,3,0,0,5,0,0.04,0.12,0.17,0.04,0.17,0.9,0.9,2.7,0.04,0.11,0.15,0.04,0.15,Matches
27,Anuar\Anuar,ma MAR,MF,Valladolid,23,1995,19,12,1081,1,0,0,0,6,0,0.08,0,0.08,0.08,0.08,2.6,2.6,0.1,0.22,0.01,0.23,0.22,0.23,Matches
28,Emmanuel Apeh\Emmanuel-Apeh,ng NGA,MF,Celta Vigo,21,1996,2,0,14,0,0,0,0,0,0,0,0,0,0,0,0,0,0.1,0,0.43,0.43,0,0.43,Matches
29,Mauro Arambarri\Mauro-Arambarri,uy URU,MF,Getafe,22,1995,33,32,2676,1,2,0,0,8,0,0.03,0.07,0.1,0.03,0.1,1.4,1.4,1.6,0.05,0.05,0.1,0.05,0.1,Matches
30,Guilherme Arana\Guilherme-Arana,br BRA,MFDF,Sevilla,21,1997,9,8,629,0,0,0,0,3,0,0,0,0,0,0,0.2,0.2,0.1,0.03,0.02,0.04,0.03,0.04,Matches
31,Néstor Araujo\Nestor-Araujo,mx MEX,DF,Celta Vigo,26,1991,32,30,2682,3,0,0,0,3,1,0.1,0,0.1,0.1,0.1,1.7,1.7,0.3,0.06,0.01,0.07,0.06,0.07,Matches
32,Anaitz Arbilla\Anaitz-Arbilla,es ESP,DF,Eibar,31,1987,25,22,1950,1,2,0,0,6,1,0.05,0.09,0.14,0.05,0.14,0.8,0.8,0.4,0.04,0.02,0.06,0.04,0.06,Matches
33,Santiago Arias\Santiago-Arias,co COL,DF,Atlético Madrid,26,1992,25,20,1772,1,1,0,0,4,0,0.05,0.05,0.1,0.05,0.1,0.4,0.4,1,0.02,0.05,0.07,0.02,0.07,Matches
34,José Arnaiz\Jose-Arnaiz,es ESP,DFMF,Leganés,23,1995,6,0,113,0,0,0,0,0,0,0,0,0,0,0,0.1,0.1,0.1,0.05,0.08,0.14,0.05,0.14,Matches
35,Sergio Asenjo\Sergio-Asenjo,es ESP,GK,Villarreal,29,1989,32,32,2880,0,0,0,0,0,0,0,0,0,0,0,0,0,0,0,0,0,0,0,Matches
36,Marco Asensio\Marco-Asensio,es ESP,FW,Real Madrid,22,1996,30,19,1779,1,4,0,0,3,0,0.05,0.2,0.25,0.05,0.25,4.4,4.4,4,0.22,0.2,0.43,0.22,0.43,Matches
37,Iago Aspas\Iago-Aspas,es ESP,FW,Celta Vigo,30,1987,27,26,2251,20,6,5,5,5,0,0.8,0.24,1.04,0.6,0.84,13.2,9.4,5.4,0.53,0.21,0.74,0.37,0.59,Matches
38,Ezequiel Ávila\Ezequiel-Avila,ar ARG,FWMF,Huesca,24,1994,34,20,1997,10,2,1,1,12,1,0.45,0.09,0.54,0.41,0.5,6.7,5.9,2.7,0.3,0.12,0.42,0.27,0.39,Matches
39,Abdoulaye Ba\Abdoulaye-Ba,sn SEN,DF,Rayo Vallecano,27,1991,26,25,2110,1,0,0,0,4,2,0.04,0,0.04,0.04,0.04,1.2,1.2,0,0.05,0,0.05,0.05,0.05,Matches
40,Carlos Bacca\Carlos-Bacca,co COL,FW,Villarreal,31,1986,33,12,1270,6,1,1,1,3,0,0.43,0.07,0.5,0.35,0.43,5.7,5,2.2,0.41,0.16,0.56,0.35,0.51,Matches
41,Gareth Bale\Gareth-Bale,wal WAL,FW,Real Madrid,29,1989,29,21,1786,8,3,1,1,4,0,0.4,0.15,0.55,0.35,0.5,8.3,7.6,2.3,0.42,0.12,0.53,0.38,0.5,Matches
42,Mikel Balenziaga\Mikel-Balenziaga,es ESP,DF,Athletic Club,30,1988,11,6,523,0,0,0,0,0,0,0,0,0,0,0,0,0,0.4,0,0.07,0.08,0,0.08,Matches
43,Éver Banega\Ever-Banega,ar ARG,MF,Sevilla,30,1988,32,32,2667,3,5,2,2,17,2,0.1,0.17,0.27,0.03,0.2,3.2,1.7,3.4,0.11,0.11,0.22,0.06,0.17,Matches
44,Léo Baptistão\Leo-Baptistao,br BRA,FWMF,Espanyol,25,1992,20,14,1233,2,2,1,1,3,0,0.15,0.15,0.29,0.07,0.22,4.7,4,2.7,0.35,0.2,0.54,0.29,0.49,Matches
45,Enis Bardhi\Enis-Bardhi,mk MKD,MF,Levante,23,1995,36,31,2836,3,4,0,0,6,0,0.1,0.13,0.22,0.1,0.22,3.7,3.7,2.8,0.12,0.09,0.21,0.12,0.21,Matches
46,Antonio Barragán\Antonio-Barragan,es ESP,DFMF,Betis,31,1987,14,12,934,0,0,0,0,4,0,0,0,0,0,0,0.2,0.2,0.8,0.02,0.07,0.09,0.02,0.09,Matches
47,Ander Barrenetxea\Ander-Barrenetxea,es ESP,FWMF,Real Sociedad,16,2001,9,5,399,1,0,0,0,0,0,0.23,0,0.23,0.23,0.23,0.4,0.4,0.6,0.08,0.14,0.22,0.08,0.22,Matches
48,Marc Bartra\Marc-Bartra,es ESP,DF,Betis,27,1991,33,33,2928,1,0,0,0,4,0,0.03,0,0.03,0.03,0.03,0.7,0.7,0.3,0.02,0.01,0.03,0.02,0.03,Matches
49,Borja Bastón\Borja-Baston,es ESP,FW,Alavés,25,1992,27,18,1439,5,1,0,0,4,0,0.31,0.06,0.38,0.31,0.38,5.7,5.7,1.1,0.35,0.07,0.42,0.35,0.42,Matches
50,Michy Batshuayi\Michy-Batshuayi,be BEL,FW,Valencia,24,1993,15,4,527,1,0,0,0,3,0,0.17,0,0.17,0.17,0.17,2.3,2.3,0.7,0.39,0.12,0.5,0.39,0.5,Matches
51,Jon Bautista\Jon-Bautista,es ESP,FW,Real Sociedad,23,1995,18,4,597,1,0,0,0,1,0,0.15,0,0.15,0.15,0.15,2.5,2.5,0.1,0.37,0.02,0.39,0.37,0.39,Matches
52,Bebé\Bebe,pt POR,FWMF,Rayo Vallecano,28,1990,27,13,1302,1,1,0,0,6,0,0.07,0.07,0.14,0.07,0.14,1.7,1.7,2.3,0.12,0.16,0.27,0.12,0.27,Matches
53,Bebé\Bebe,pt POR,MF,Eibar,28,1990,2,1,62,0,0,0,0,0,0,0,0,0,0,0,0.2,0.2,0.2,0.28,0.36,0.64,0.28,0.64,Matches
54,Fran Beltrán\Fran-Beltran,es ESP,MF,Celta Vigo,19,1999,30,16,1517,1,0,0,0,3,0,0.06,0,0.06,0.06,0.06,0.8,0.8,0.7,0.05,0.04,0.09,0.05,0.09,Matches
55,Wissam Ben Yedder\Wissam-Ben-Yedder,fr FRA,FW,Sevilla,27,1990,35,31,2812,18,9,2,2,3,0,0.58,0.29,0.86,0.51,0.8,17.6,16,6.6,0.56,0.21,0.77,0.51,0.73,Matches
56,Karim Benzema\Karim-Benzema,fr FRA,FW,Real Madrid,30,1987,36,35,2953,21,6,3,3,1,0,0.64,0.18,0.82,0.55,0.73,15.8,13.5,5.6,0.48,0.17,0.65,0.41,0.58,Matches
57,Yuri Berchiche\Yuri-Berchiche,es ESP,DFFW,Athletic Club,28,1990,35,35,3120,2,2,0,0,8,0,0.06,0.06,0.12,0.06,0.12,1.3,1.3,1.7,0.04,0.05,0.08,0.04,0.08,Matches
58,Markel Bergara\Markel-Bergara,es ESP,MF,Getafe,32,1986,3,0,53,0,0,0,0,0,0,0,0,0,0,0,0,0,0,0,0,0,0,0,Matches
59,Pedro Bigas\Pedro-Bigas,es ESP,DF,Eibar,27,1990,10,7,585,0,1,0,0,1,0,0,0.15,0.15,0,0.15,0.2,0.2,0.3,0.03,0.04,0.07,0.03,0.07,Matches
60,Alejandro Blanco\Alejandro-Blanco,es ESP,FWMF,Alavés,19,1998,2,0,16,0,0,0,0,0,0,0,0,0,0,0,0,0,0,0,0,0,0,0,Matches
61,Rubén Blanco\Ruben-Blanco,es ESP,GK,Celta Vigo,23,1995,25,25,2250,0,0,0,0,2,0,0,0,0,0,0,0,0,0.1,0,0,0,0,0,Matches
62,Pablo de Blasis\Pablo-de-Blasis,ar ARG,DFMF,Eibar,30,1988,24,16,1520,2,0,0,0,2,1,0.12,0,0.12,0.12,0.12,1.1,1.1,2.1,0.06,0.12,0.19,0.06,0.19,Matches
63,Emmanuel Boateng\Emmanuel-Boateng,gh GHA,FW,Levante,22,1996,16,7,699,1,0,0,0,2,0,0.13,0,0.13,0.13,0.13,1.7,1.7,0.1,0.21,0.01,0.22,0.21,0.22,Matches
64,Kevin-Prince Boateng\Kevin-Prince-Boateng,gh GHA,FW,Barcelona,31,1987,3,3,239,0,0,0,0,1,0,0,0,0,0,0,0.2,0.2,0.1,0.06,0.05,0.11,0.06,0.11,Matches
65,Daniele Bonera\Daniele-Bonera,it ITA,DF,Villarreal,37,1981,5,4,230,0,0,0,0,1,0,0,0,0,0,0,0,0,0,0,0,0,0,0,Matches
66,Ryad Boudebouz\Ryad-Boudebouz,dz ALG,MFFW,Betis,28,1990,9,6,539,0,0,0,0,1,0,0,0,0,0,0,0.6,0.6,1.4,0.1,0.24,0.34,0.1,0.34,Matches
67,Ryad Boudebouz\Ryad-Boudebouz,dz ALG,MF,Celta Vigo,28,1990,11,8,717,1,2,0,0,2,1,0.13,0.25,0.38,0.13,0.38,1,1,2.1,0.13,0.26,0.39,0.13,0.39,Matches
68,Sofiane Boufal\Sofiane-Boufal,ma MAR,MFFW,Celta Vigo,24,1993,35,25,2085,3,3,0,0,6,0,0.13,0.13,0.26,0.13,0.26,2.8,2.8,3.8,0.12,0.16,0.28,0.12,0.28,Matches
69,Yassine Bounou\Yassine-Bounou,ma MAR,GK,Girona,27,1991,32,32,2861,0,0,0,0,2,0,0,0,0,0,0,0,0,0,0,0,0,0,0,Matches
70,Martin Braithwaite\Martin-Braithwaite,dk DEN,FW,Leganés,27,1991,19,16,1402,4,5,0,0,5,0,0.26,0.32,0.58,0.26,0.58,3.6,3.6,1.9,0.23,0.12,0.35,0.23,0.35,Matches
71,Darko Brašanac\Darko-Brasanac,rs SRB,MF,Alavés,26,1992,24,17,1580,0,1,0,0,5,0,0,0.06,0.06,0,0.06,0.5,0.5,0.4,0.03,0.02,0.05,0.03,0.05,Matches
72,Rajko Brežančić\Rajko-Brezancic,rs SRB,DF,Huesca,28,1989,1,0,67,0,0,0,0,0,0,0,0,0,0,0,0,0,0,0,0,0,0,0,Matches
73,Bryan\Bryan,es ESP,MFFW,Sevilla,17,2001,11,0,167,1,1,0,0,0,0,0.54,0.54,1.08,0.54,1.08,0.5,0.5,0.5,0.25,0.25,0.5,0.25,0.5,Matches
74,Burgui\Burgui,es ESP,MFFW,Alavés,24,1993,16,5,555,1,0,0,0,1,0,0.16,0,0.16,0.16,0.16,0.9,0.9,0.6,0.15,0.1,0.26,0.15,0.26,Matches
75,Sergio Busquets\Sergio-Busquets,es ESP,MF,Barcelona,30,1988,35,30,2715,0,1,0,0,10,0,0,0.03,0.03,0,0.03,0.4,0.4,1.2,0.01,0.04,0.05,0.01,0.05,Matches
76,Unai Bustinza\Unai-Bustinza,es ESP,DF,Leganés,26,1992,25,24,2023,0,1,0,0,11,1,0,0.04,0.04,0,0.04,0.2,0.2,0.6,0.01,0.03,0.03,0.01,0.03,Matches
77,Erick Cabaco\Erick-Cabaco,uy URU,DF,Levante,23,1995,21,20,1632,2,0,0,0,11,2,0.11,0,0.11,0.11,0.11,1.1,1.1,0.2,0.06,0.01,0.07,0.06,0.07,Matches
78,Gustavo Cabral\Gustavo-Cabral,ar ARG,DF,Celta Vigo,32,1985,24,21,1897,0,0,0,0,6,2,0,0,0,0,0,1.3,1.3,0.4,0.06,0.02,0.08,0.06,0.08,Matches
79,Leandro Cabrera\Leandro-Cabrera,uy URU,DF,Getafe,27,1991,32,31,2794,2,0,0,0,11,1,0.06,0,0.06,0.06,0.06,1.9,1.9,0.4,0.06,0.01,0.08,0.06,0.08,Matches
80,Jordi Calavera\Jordi-Calavera,es ESP,DF,Eibar,22,1995,1,0,1,0,0,0,0,0,0,0,0,0,0,0,0,0,0,0,0,0,0,0,Matches
81,Fernando Calero\Fernando-Calero,es ESP,DF,Valladolid,22,1995,36,35,3130,1,0,0,0,7,0,0.03,0,0.03,0.03,0.03,0.6,0.6,0.2,0.02,0.01,0.02,0.02,0.02,Matches
82,Jonathan Calleri\Jonathan-Calleri,ar ARG,FW,Alavés,24,1993,34,33,2869,9,2,2,2,6,0,0.28,0.06,0.35,0.22,0.28,7.2,5.7,2.1,0.23,0.07,0.29,0.18,0.25,Matches
83,Juanjo Camacho\Juanjo-Camacho,es ESP,MF,Huesca,37,1980,3,0,37,0,0,0,0,0,0,0,0,0,0,0,0.1,0.1,0.3,0.2,0.76,0.96,0.2,0.96,Matches
84,Sergio Camello\Sergio-Camello,es ESP,FW,Atlético Madrid,17,2001,1,0,45,1,0,0,0,0,0,2,0,2,2,2,0.6,0.6,0.1,1.15,0.17,1.32,1.15,1.32,Matches
85,José Campaña\Jose-Campana,es ESP,MF,Levante,25,1993,36,36,3210,4,9,0,0,11,0,0.11,0.25,0.36,0.11,0.36,1.5,1.5,4,0.04,0.11,0.15,0.04,0.15,Matches
86,Sergio Canales\Sergio-Canales,es ESP,MFFW,Betis,27,1991,32,30,2655,7,2,2,2,5,0,0.24,0.07,0.31,0.17,0.24,6.7,5.2,5.8,0.23,0.2,0.42,0.18,0.37,Matches
87,Ander Capa\Ander-Capa,es ESP,DF,Athletic Club,26,1992,25,17,1642,0,0,0,0,9,0,0,0,0,0,0,0.6,0.6,1,0.03,0.05,0.08,0.03,0.08,Matches
88,Marc Cardona\Marc-Cardona,es ESP,FWMF,Eibar,23,1995,17,6,604,3,1,0,0,1,0,0.45,0.15,0.6,0.45,0.6,2.7,2.7,0.6,0.41,0.1,0.5,0.41,0.5,Matches
89,Daniel Carriço\Daniel-Carrico,pt POR,DF,Sevilla,29,1988,24,24,2130,1,1,0,0,10,0,0.04,0.04,0.08,0.04,0.08,0.7,0.7,0.7,0.03,0.03,0.06,0.03,0.06,Matches
90,Guido Carrillo\Guido-Carrillo,ar ARG,FW,Leganés,27,1991,32,23,1992,6,1,1,3,5,0,0.27,0.05,0.32,0.23,0.27,8.6,6.3,1.3,0.39,0.06,0.45,0.29,0.35,Matches
91,Dani Carvajal\Dani-Carvajal,es ESP,DF,Real Madrid,26,1992,24,23,2107,1,2,0,0,10,0,0.04,0.09,0.13,0.04,0.13,0.4,0.4,3.2,0.02,0.14,0.16,0.02,0.16,Matches
92,William Carvalho\William-Carvalho,pt POR,MF,Betis,26,1992,30,26,2385,0,5,0,0,7,0,0,0.19,0.19,0,0.19,0.6,0.6,2,0.02,0.07,0.1,0.02,0.1,Matches
93,Casemiro\Casemiro,br BRA,MF,Real Madrid,26,1992,29,27,2312,3,0,0,0,7,1,0.12,0,0.12,0.12,0.12,1.8,1.8,0.7,0.07,0.03,0.09,0.07,0.09,Matches
94,Santiago Cáseres\Santiago-Caseres,ar ARG,MF,Villarreal,21,1997,23,17,1588,0,1,0,0,10,0,0,0.06,0.06,0,0.06,0.3,0.3,0.9,0.02,0.05,0.07,0.02,0.07,Matches
95,Catena\Catena,es ESP,DF,Rayo Vallecano,23,1994,2,2,176,0,0,0,0,1,0,0,0,0,0,0,0.1,0.1,0,0.03,0,0.03,0.03,0.03,Matches
96,Santi Cazorla\Santi-Cazorla,es ESP,MFFW,Villarreal,33,1984,35,30,2647,4,10,2,3,2,0,0.14,0.34,0.48,0.07,0.41,4.3,2,6.7,0.15,0.23,0.38,0.07,0.3,Matches
97,Dani Ceballos\Dani-Ceballos,es ESP,MFFW,Real Madrid,21,1996,23,13,1248,3,0,0,0,3,0,0.22,0,0.22,0.22,0.22,2.3,2.3,1.7,0.16,0.12,0.29,0.16,0.29,Matches
98,Charles\Charles,br BRA,FW,Eibar,34,1984,34,17,1739,14,1,6,7,4,0,0.72,0.05,0.78,0.41,0.47,11.6,6.3,1,0.6,0.05,0.65,0.33,0.38,Matches
99,Chechu\Chechu,es ESP,DF,Rayo Vallecano,36,1982,1,1,90,0,0,0,0,0,0,0,0,0,0,0,0,0,0,0,0,0,0,0,Matches
100,Chema\Chema,es ESP,DF,Levante,26,1992,19,13,1254,2,0,0,0,7,0,0.14,0,0.14,0.14,0.14,0.6,0.6,0.1,0.04,0.01,0.05,0.04,0.05,Matches
101,Denis Cheryshev\Denis-Cheryshev,ru RUS,MFFW,Valencia,27,1990,27,19,1706,2,2,0,0,2,0,0.11,0.11,0.21,0.11,0.21,3.3,3.3,6.7,0.17,0.36,0.53,0.17,0.53,Matches
102,Leandro Chichizola\Leandro-Chichizola,ar ARG,GK,Getafe,28,1990,1,1,90,0,0,0,0,0,0,0,0,0,0,0,0,0,0,0,0,0,0,0,Matches
103,Samuel Chukwueze\Samuel-Chukwueze,ng NGA,FWMF,Villarreal,19,1999,26,19,1706,5,2,0,0,2,0,0.26,0.11,0.37,0.26,0.37,5.2,5.2,1.5,0.28,0.08,0.36,0.28,0.36,Matches
104,Jasper Cillessen\Jasper-Cillessen,nl NED,GK,Barcelona,29,1989,3,3,270,0,0,0,0,0,0,0,0,0,0,0,0,0,0,0,0,0,0,0,Matches
105,Coke\Coke,es ESP,DF,Levante,31,1987,27,19,1817,4,0,0,0,5,1,0.2,0,0.2,0.2,0.2,1.2,1.2,1.5,0.06,0.07,0.13,0.06,0.13,Matches
106,Álex Collado\Alex-Collado,es ESP,FW,Barcelona,19,1999,1,0,85,0,0,0,0,0,0,0,0,0,0,0,0.1,0.1,0,0.13,0,0.13,0.13,0.13,Matches
107,Santi Comesaña\Santi-Comesana,es ESP,MF,Rayo Vallecano,21,1996,25,23,2032,1,1,0,0,6,0,0.04,0.04,0.09,0.04,0.09,0.8,0.8,0.3,0.03,0.01,0.05,0.03,0.05,Matches
108,Duje Čop\Duje-Cop,hr CRO,FW,Valladolid,28,1990,18,6,687,0,0,0,0,2,0,0,0,0,0,0,2.8,2.8,1.2,0.36,0.15,0.52,0.36,0.52,Matches
109,Francis Coquelin\Francis-Coquelin,fr FRA,MF,Valencia,27,1991,26,20,1761,0,1,0,0,5,0,0,0.05,0.05,0,0.05,0.4,0.4,0.7,0.02,0.04,0.06,0.02,0.06,Matches
110,Iñigo Córdoba\Inigo-Cordoba,es ESP,FW,Athletic Club,21,1997,23,15,1321,0,4,0,0,3,0,0,0.27,0.27,0,0.27,1.3,1.3,1.1,0.09,0.07,0.16,0.09,0.16,Matches
111,Ángel Correa\Angel-Correa,ar ARG,MFFW,Atlético Madrid,23,1995,36,20,1919,3,2,0,0,7,1,0.14,0.09,0.23,0.14,0.23,2.2,2.2,4.4,0.1,0.21,0.31,0.1,0.31,Matches
112,Diego Costa\Diego-Costa,es ESP,FW,Atlético Madrid,29,1988,16,14,1112,2,2,0,0,4,1,0.16,0.16,0.32,0.16,0.32,1.6,1.6,1.7,0.13,0.14,0.26,0.13,0.26,Matches
113,Jaume Costa\Jaume-Costa,es ESP,DF,Villarreal,30,1988,21,18,1495,1,0,0,0,6,0,0.06,0,0.06,0.06,0.06,0.6,0.6,0.8,0.04,0.05,0.09,0.04,0.09,Matches
114,David Costas\David-Costas,es ESP,DF,Celta Vigo,23,1995,15,13,1173,0,0,0,0,4,0,0,0,0,0,0,0.1,0.1,0,0.01,0,0.01,0.01,0.01,Matches
115,Thibaut Courtois\Thibaut-Courtois,be BEL,GK,Real Madrid,26,1992,27,27,2430,0,0,0,0,2,0,0,0,0,0,0,0,0,0,0,0,0,0,0,Matches
116,Philippe Coutinho\Philippe-Coutinho,br BRA,FWMF,Barcelona,26,1992,34,22,2018,5,2,0,0,2,0,0.22,0.09,0.31,0.22,0.31,7.1,7.1,3.5,0.32,0.16,0.47,0.32,0.47,Matches
117,Sebastián Cristóforo\Sebastian-Cristoforo,uy URU,MFFW,Getafe,24,1993,15,4,450,0,2,0,0,3,0,0,0.4,0.4,0,0.4,0,0,0.5,0,0.09,0.1,0,0.1,Matches
118,Cucho\Cucho,co COL,FW,Huesca,19,1999,34,25,2150,4,3,2,2,6,0,0.17,0.13,0.29,0.08,0.21,10,8.5,2,0.42,0.09,0.5,0.35,0.44,Matches
119,Marc Cucurella\Marc-Cucurella,es ESP,MFFW,Eibar,20,1998,31,26,2354,1,2,0,0,6,0,0.04,0.08,0.11,0.04,0.11,1.8,1.8,3.4,0.07,0.13,0.2,0.07,0.2,Matches
120,Iván Cuéllar\Ivan-Cuellar,es ESP,GK,Leganés,34,1984,34,34,3055,0,0,0,0,5,0,0,0,0,0,0,0,0,0,0,0,0,0,0,Matches
121,Sergi Darder\Sergi-Darder,es ESP,MF,Espanyol,24,1993,34,32,2709,5,2,0,0,8,1,0.17,0.07,0.23,0.17,0.23,3.5,3.5,4.4,0.12,0.15,0.26,0.12,0.26,Matches
122,Moisés Delgado\Moises-Delgado,es ESP,DF,Valladolid,24,1994,3,3,270,0,0,0,0,1,0,0,0,0,0,0,0,0,0.2,0.01,0.06,0.06,0.01,0.06,Matches
123,Ousmane Dembélé\Ousmane-Dembele,fr FRA,FWMF,Barcelona,21,1997,29,20,1661,8,5,0,0,1,0,0.43,0.27,0.7,0.43,0.7,3.7,3.7,4.7,0.2,0.26,0.45,0.2,0.45,Matches
124,Franco Di Santo\Franco-Di-Santo,ar ARG,FW,Rayo Vallecano,29,1989,6,1,172,0,0,0,0,1,1,0,0,0,0,0,0,0,0,0,0,0,0,0,Matches
125,Mouctar Diakhaby\Mouctar-Diakhaby,fr FRA,DF,Valencia,21,1996,22,16,1580,2,0,0,0,9,0,0.11,0,0.11,0.11,0.11,1.7,1.7,0,0.1,0,0.1,0.1,0.1,Matches
126,Brahim Díaz\Brahim-Diaz,es ESP,FW,Real Madrid,18,1999,9,5,376,1,1,0,0,0,0,0.24,0.24,0.48,0.24,0.48,0.6,0.6,1.2,0.13,0.28,0.41,0.13,0.41,Matches
127,Javier Díaz\Javier-Diaz,es ESP,GK,Sevilla,21,1997,1,1,90,0,0,0,0,0,0,0,0,0,0,0,0,0,0,0,0,0,0,0,Matches
128,Adrián Diéguez\Adrian-Dieguez,es ESP,DF,Huesca,22,1996,9,8,749,0,0,0,0,3,0,0,0,0,0,0,0,0,0,0.01,0.01,0.01,0.01,0.01,Matches
129,Stole Dimitrievski\Stole-Dimitrievski,mk MKD,GK,Rayo Vallecano,24,1993,21,21,1890,0,0,0,0,3,0,0,0,0,0,0,0,0,0,0,0,0,0,0,Matches
130,Papakouli Diop\Papakouli-Diop,sn SEN,MF,Eibar,32,1986,28,27,2352,1,1,0,0,11,0,0.04,0.04,0.08,0.04,0.08,2.6,2.6,0.7,0.1,0.03,0.13,0.1,0.13,Matches
131,Djené\Djene,tg TOG,DF,Getafe,26,1991,34,34,2976,0,0,0,0,13,2,0,0,0,0,0,0.7,0.7,0.2,0.02,0.01,0.03,0.02,0.03,Matches
132,Marko Dmitrović\Marko-Dmitrovic,rs SRB,GK,Eibar,26,1992,24,24,2160,0,0,0,0,3,0,0,0,0,0,0,0,0,0,0,0,0,0,0,Matches
133,Jaume Doménech\Jaume-Domenech,es ESP,GK,Valencia,27,1990,4,4,360,0,0,0,0,0,0,0,0,0,0,0,0,0,0,0,0,0,0,0,Matches
134,Cheick Doukouré\Cheick-Doukoure,ci CIV,MF,Levante,25,1992,9,3,318,0,0,0,0,1,0,0,0,0,0,0,0.1,0.1,0,0.02,0,0.02,0.02,0.02,Matches
135,Seydou Doumbia\Seydou-Doumbia,ci CIV,FW,Girona,30,1987,17,5,541,2,0,0,0,2,0,0.33,0,0.33,0.33,0.33,2.8,2.8,0,0.46,0,0.46,0.46,0.46,Matches
136,Óscar Duarte\Oscar-Duarte,cr CRC,DFMF,Espanyol,29,1989,11,7,660,0,0,0,0,0,0,0,0,0,0,0,0.1,0.1,0.1,0.01,0.01,0.02,0.01,0.02,Matches
137,Rubén Duarte\Ruben-Duarte,es ESP,DF,Alavés,22,1995,33,33,2772,0,0,0,0,10,1,0,0,0,0,0,0.6,0.6,1.4,0.02,0.05,0.07,0.02,0.07,Matches
138,Hugo Duro\Hugo-Duro,es ESP,MFFW,Getafe,18,1999,11,5,417,0,0,0,0,0,0,0,0,0,0,0,0.4,0.4,0.4,0.08,0.09,0.17,0.08,0.17,Matches
139,Raphael Dwamena\Raphael-Dwamena,gh GHA,FW,Levante,22,1995,12,1,222,0,1,0,0,0,0,0,0.41,0.41,0,0.41,0.6,0.6,0.7,0.23,0.3,0.53,0.23,0.53,Matches
140,Dennis Eckert\Dennis-Eckert,de GER,FW,Celta Vigo,21,1997,9,1,216,0,0,0,0,0,0,0,0,0,0,0,0.7,0.7,0.1,0.28,0.03,0.31,0.28,0.31,Matches
141,Aritz Elustondo\Aritz-Elustondo,es ESP,DF,Real Sociedad,24,1994,27,24,2254,1,0,0,0,5,0,0.04,0,0.04,0.04,0.04,1.1,1.1,0.6,0.05,0.03,0.07,0.05,0.07,Matches
142,Gorka Elustondo\Gorka-Elustondo,es ESP,MF,Rayo Vallecano,31,1987,5,3,285,0,0,0,0,1,0,0,0,0,0,0,0.1,0.1,0.2,0.02,0.07,0.09,0.02,0.09,Matches
143,Rodrigo Ely\Rodrigo-Ely,br BRA,DF,Alavés,24,1993,5,5,430,0,0,0,0,1,0,0,0,0,0,0,0.1,0.1,0,0.01,0,0.02,0.01,0.02,Matches
144,Adri Embarba\Adri-Embarba,es ESP,FWMF,Rayo Vallecano,26,1992,36,27,2282,5,6,3,3,5,1,0.2,0.24,0.43,0.08,0.32,6,3.7,6.3,0.24,0.25,0.48,0.15,0.39,Matches
145,Emerson\Emerson,br BRA,DF,Betis,19,1999,6,4,317,0,0,0,0,1,0,0,0,0,0,0,0.2,0.2,0.3,0.05,0.09,0.13,0.05,0.13,Matches
146,Youssef En-Nesyri\Youssef-En-Nesyri,ma MAR,FW,Leganés,21,1997,31,22,2106,9,2,0,0,7,0,0.38,0.09,0.47,0.38,0.47,7.3,7.3,1.2,0.31,0.05,0.36,0.31,0.36,Matches
147,Sergi Enrich\Sergi-Enrich,es ESP,FW,Eibar,28,1990,35,30,2582,7,4,0,0,4,0,0.24,0.14,0.38,0.24,0.38,9.8,9.8,3.6,0.34,0.13,0.47,0.34,0.47,Matches
148,Javier Eraso\Javier-Eraso,es ESP,MFFW,Leganés,28,1990,13,9,631,0,0,0,0,2,0,0,0,0,0,0,0.9,0.9,0.8,0.13,0.12,0.25,0.13,0.25,Matches
149,Gonzalo Escalante\Gonzalo-Escalante,ar ARG,MF,Eibar,25,1993,32,18,1789,4,1,0,0,6,0,0.2,0.05,0.25,0.2,0.25,2.1,2.1,1,0.11,0.05,0.15,0.11,0.15,Matches
150,Sergio Escudero\Sergio-Escudero,es ESP,DFMF,Sevilla,28,1989,21,18,1545,0,1,0,0,8,1,0,0.06,0.06,0,0.06,1.2,1.2,1.1,0.07,0.07,0.14,0.07,0.14,Matches
151,Bernardo Espinosa\Bernardo-Espinosa,co COL,DF,Girona,29,1989,31,31,2727,1,1,0,0,6,2,0.03,0.03,0.07,0.03,0.07,1.4,1.4,0.9,0.05,0.03,0.07,0.05,0.07,Matches
152,Beñat Etxebarria\Benat-Etxebarria,es ESP,MF,Athletic Club,31,1987,27,25,2031,1,2,0,0,8,0,0.04,0.09,0.13,0.04,0.13,0.5,0.5,2.4,0.02,0.11,0.13,0.02,0.13,Matches
153,Xabier Etxeita\Xabier-Etxeita,es ESP,DF,Huesca,30,1987,31,30,2677,4,0,0,0,10,0,0.13,0,0.13,0.13,0.13,2.3,2.3,0.2,0.08,0.01,0.08,0.08,0.08,Matches
154,Zouhair Feddal\Zouhair-Feddal,ma MAR,DF,Betis,29,1989,21,19,1702,1,1,0,0,7,0,0.05,0.05,0.11,0.05,0.11,1.6,1.6,0.4,0.08,0.02,0.1,0.08,0.1,Matches
155,Aitor Fernández\Aitor-Fernandez,es ESP,GK,Levante,27,1991,16,16,1440,0,0,0,0,0,0,0,0,0,0,0,0,0,0,0,0,0,0,0,Matches
156,Andrés Fernández\Andres-Fernandez,es ESP,GK,Villarreal,31,1986,6,6,540,0,0,0,0,2,0,0,0,0,0,0,0,0,0,0,0,0,0,0,Matches
157,Borja Fernández\Borja-Fernandez,es ESP,MFDF,Valladolid,37,1981,19,10,841,0,0,0,0,4,0,0,0,0,0,0,0.1,0.1,0,0.02,0,0.02,0.02,0.02,Matches
158,Joaquín Fernández\Joaquin-Fernandez,es ESP,DFMF,Valladolid,22,1996,13,9,839,1,0,0,0,2,0,0.11,0,0.11,0.11,0.11,0.5,0.5,0,0.05,0,0.05,0.05,0.05,Matches
159,David Ferreiro\David-Ferreiro,es ESP,FWMF,Huesca,30,1988,35,23,2280,1,3,0,0,5,0,0.04,0.12,0.16,0.04,0.16,2.7,2.7,4.5,0.11,0.18,0.29,0.11,0.29,Matches
160,Facundo Ferreyra\Facundo-Ferreyra,ar ARG,FWMF,Espanyol,27,1991,9,1,211,1,0,0,0,2,0,0.43,0,0.43,0.43,0.43,0.3,0.3,0,0.14,0,0.14,0.14,0.14,Matches
161,Junior Firpo\Junior-Firpo,es ESP,DFMF,Betis,21,1996,24,22,1937,3,4,0,0,7,0,0.14,0.19,0.33,0.14,0.33,2.1,2.1,2.2,0.1,0.1,0.2,0.1,0.2,Matches
162,Mathieu Flamini\Mathieu-Flamini,fr FRA,MF,Getafe,34,1984,10,4,453,0,0,0,0,5,0,0,0,0,0,0,0,0,0,0,0.01,0.01,0,0.01,Matches
163,Pablo Fornals\Pablo-Fornals,es ESP,MFFW,Villarreal,22,1996,35,28,2479,2,3,0,0,4,0,0.07,0.11,0.18,0.07,0.18,4.3,4.3,4.8,0.16,0.17,0.33,0.16,0.33,Matches
164,Dimitri Foulquier\Dimitri-Foulquier,fr FRA,MFFW,Getafe,25,1993,25,23,1799,3,2,0,0,7,0,0.15,0.1,0.25,0.15,0.25,1.1,1.1,1.7,0.06,0.09,0.14,0.06,0.14,Matches
165,Javi Fuego\Javi-Fuego,es ESP,MF,Villarreal,34,1984,5,3,233,0,0,0,0,1,0,0,0,0,0,0,0,0,0,0,0,0,0,0,Matches
166,Ramiro Funes Mori\Ramiro-Funes-Mori,ar ARG,DFMF,Villarreal,27,1991,31,29,2627,2,1,0,0,15,0,0.07,0.03,0.1,0.07,0.1,2.1,2.1,0.5,0.07,0.02,0.09,0.07,0.09,Matches
167,Javi Galán\Javi-Galan,es ESP,DFMF,Huesca,23,1994,16,16,1440,0,2,0,0,7,0,0,0.12,0.12,0,0.12,0.1,0.1,1.8,0,0.12,0.12,0,0.12,Matches
168,Álex Gallar\Alex-Gallar,es ESP,MFFW,Huesca,26,1992,25,10,1009,4,1,1,1,2,0,0.36,0.09,0.45,0.27,0.36,3.5,2.7,2.5,0.31,0.22,0.53,0.24,0.46,Matches
169,Enric Gallego\Enric-Gallego,es ESP,FW,Huesca,31,1986,19,17,1539,5,1,0,0,4,0,0.29,0.06,0.35,0.29,0.35,3.6,3.6,1.7,0.21,0.1,0.31,0.21,0.31,Matches
170,Álex Gálvez\Alex-Galvez,es ESP,DF,Rayo Vallecano,29,1989,17,17,1412,1,0,0,0,6,0,0.06,0,0.06,0.06,0.06,1.1,1.1,0.2,0.07,0.01,0.08,0.07,0.08,Matches
171,Kévin Gameiro\Kevin-Gameiro,fr FRA,FW,Valencia,31,1987,33,16,1612,6,1,0,0,1,0,0.33,0.06,0.39,0.33,0.39,7.4,7.4,3.1,0.41,0.17,0.58,0.41,0.58,Matches
172,Cristian Ganea\Cristian-Ganea,ro ROU,MF,Athletic Club,26,1992,1,1,49,0,0,0,0,0,0,0,0,0,0,0,0,0,0,0,0,0,0,0,Matches
173,Ezequiel Garay\Ezequiel-Garay,ar ARG,DF,Valencia,31,1986,24,24,2136,2,0,0,0,4,0,0.08,0,0.08,0.08,0.08,1.5,1.5,0.4,0.06,0.02,0.08,0.06,0.08,Matches
174,Borja Garcés\Borja-Garces,es ESP,FWMF,Atlético Madrid,18,1999,1,0,20,1,0,0,0,0,0,4.5,0,4.5,4.5,4.5,0.2,0.2,0,1.09,0,1.09,1.09,1.09,Matches
175,Alberto García\Alberto-Garcia,es ESP,GK,Rayo Vallecano,33,1985,17,17,1530,0,0,0,0,1,0,0,0,0,0,0,0,0,0,0,0,0,0,0,Matches
176,Aleix García\Aleix-Garcia,es ESP,MF,Girona,21,1997,31,20,1663,2,1,0,0,1,0,0.11,0.05,0.16,0.11,0.16,1.5,1.5,1.3,0.08,0.07,0.15,0.08,0.15,Matches
177,Álvaro García\Alvaro-Garcia,es ESP,FWMF,Rayo Vallecano,25,1992,35,17,1766,4,2,0,0,3,0,0.2,0.1,0.31,0.2,0.31,4,4,1.6,0.2,0.08,0.28,0.2,0.28,Matches
178,Borja García\Borja-Garcia,es ESP,FWMF,Girona,27,1990,33,30,2629,1,3,0,0,0,1,0.03,0.1,0.14,0.03,0.14,1.8,1.8,4.2,0.06,0.14,0.21,0.06,0.21,Matches
179,Dani García\Dani-Garcia,es ESP,MF,Athletic Club,28,1990,29,29,2476,0,1,0,0,13,0,0,0.04,0.04,0,0.04,0,0,0.2,0,0.01,0.01,0,0.01,Matches
180,Javi García\Javi-Garcia,es ESP,DFMF,Betis,31,1987,13,6,524,0,0,0,0,0,1,0,0,0,0,0,0,0,0,0,0,0,0,0,Matches
181,Manu García\Manu-Garcia,es ESP,MF,Alavés,32,1986,34,25,2330,2,1,0,0,6,0,0.08,0.04,0.12,0.08,0.12,2.1,2.1,0.7,0.08,0.03,0.11,0.08,0.11,Matches
182,Raúl García\Raul-Garcia,es ESP,DF,Girona,29,1989,10,10,850,0,1,0,0,1,0,0,0.11,0.11,0,0.11,0.2,0.2,0.5,0.02,0.05,0.07,0.02,0.07,Matches
183,Raúl García\Raul-Garcia,es ESP,MFFW,Athletic Club,32,1986,33,27,2369,9,3,2,4,12,0,0.34,0.11,0.46,0.27,0.38,8.1,4.9,2.7,0.31,0.1,0.41,0.19,0.29,Matches
184,Raúl García\Raul-Garcia,es ESP,DF,Leganés,29,1989,5,4,381,0,0,0,0,1,0,0,0,0,0,0,0,0,0,0.01,0,0.01,0.01,0.01,Matches
185,Sergio García\Sergio-Garcia,es ESP,FWMF,Espanyol,35,1983,29,17,1486,2,1,0,0,3,0,0.12,0.06,0.18,0.12,0.18,4.1,4.1,2.7,0.25,0.16,0.42,0.25,0.42,Matches
186,Mario Gaspar\Mario-Gaspar,es ESP,DF,Villarreal,27,1990,31,30,2599,1,2,0,0,17,1,0.03,0.07,0.1,0.03,0.1,1.6,1.6,3,0.05,0.1,0.16,0.05,0.16,Matches
187,Joris Gnagnon\Joris-Gnagnon,fr FRA,DFMF,Sevilla,21,1997,7,4,446,0,0,0,0,2,0,0,0,0,0,0,0.1,0.1,0.1,0.02,0.01,0.03,0.02,0.03,Matches
188,Diego Godín\Diego-Godin,uy URU,DF,Atlético Madrid,32,1986,30,28,2509,3,1,0,0,6,0,0.11,0.04,0.14,0.11,0.14,3.1,3.1,0.1,0.11,0,0.11,0.11,0.11,Matches
189,Ibai Gómez\Ibai-Gomez,es ESP,FW,Athletic Club,28,1989,14,6,580,0,2,0,0,0,0,0,0.31,0.31,0,0.31,0.4,0.4,1.1,0.07,0.17,0.24,0.07,0.24,Matches
190,Ibai Gómez\Ibai-Gomez,es ESP,MFFW,Alavés,28,1989,18,17,1449,3,2,0,1,0,0,0.19,0.12,0.31,0.19,0.31,3.5,2.7,1.8,0.22,0.11,0.33,0.17,0.28,Matches
191,Maxi Gómez\Maxi-Gomez,uy URU,FW,Celta Vigo,21,1996,35,33,2960,13,5,1,1,6,1,0.4,0.15,0.55,0.36,0.52,11,10.3,3,0.34,0.09,0.43,0.31,0.41,Matches
192,Moi Gómez\Moi-Gomez,es ESP,MF,Huesca,24,1994,36,35,3055,2,7,0,0,3,0,0.06,0.21,0.27,0.06,0.27,1.8,1.8,3.6,0.05,0.11,0.16,0.05,0.16,Matches
193,Sergi Gómez\Sergi-Gomez,es ESP,DF,Sevilla,26,1992,32,31,2765,0,0,0,0,1,0,0,0,0,0,0,0.8,0.8,0.6,0.02,0.02,0.04,0.02,0.04,Matches
194,Maxime Gonalons\Maxime-Gonalons,fr FRA,MF,Sevilla,29,1989,10,5,540,0,0,0,0,0,0,0,0,0,0,0,0.1,0.1,0,0.02,0,0.02,0.02,0.02,Matches
195,Álvaro González\Alvaro-Gonzalez,es ESP,DF,Villarreal,28,1990,33,33,2964,1,2,0,0,17,2,0.03,0.06,0.09,0.03,0.09,1,1,0.4,0.03,0.01,0.04,0.03,0.04,Matches
196,Bruno González\Bruno-Gonzalez,es ESP,DF,Getafe,28,1990,23,18,1701,0,1,0,0,7,1,0,0.05,0.05,0,0.05,0.5,0.5,0.2,0.03,0.01,0.04,0.03,0.04,Matches
197,Cristo González\Cristo-Gonzalez,es ESP,FW,Real Madrid,20,1997,1,0,45,0,0,0,0,0,0,0,0,0,0,0,0,0,0,0.09,0.03,0.12,0.09,0.12,Matches
198,Andoni Gorosabel\Andoni-Gorosabel,es ESP,DF,Real Sociedad,21,1996,7,6,455,0,0,0,0,0,0,0,0,0,0,0,0.1,0.1,0.5,0.02,0.1,0.12,0.02,0.12,Matches
199,Álex Granell\Alex-Granell,es ESP,MFDF,Girona,29,1988,32,26,2391,0,4,0,0,5,0,0,0.15,0.15,0,0.15,1.1,1.1,4.9,0.04,0.18,0.23,0.04,0.23,Matches
200,Esteban Granero\Esteban-Granero,es ESP,MF,Espanyol,31,1987,28,24,2013,3,1,0,0,11,0,0.13,0.04,0.18,0.13,0.18,2,2,1.2,0.09,0.05,0.14,0.09,0.14,Matches
201,Antoine Griezmann\Antoine-Griezmann,fr FRA,FW,Atlético Madrid,27,1991,37,37,3198,15,8,3,3,5,0,0.42,0.23,0.65,0.34,0.56,13.6,11.4,6.8,0.38,0.19,0.57,0.32,0.51,Matches
202,Andrés Guardado\Andres-Guardado,mx MEX,MFDF,Betis,31,1986,31,27,2335,0,4,0,0,8,0,0,0.15,0.15,0,0.15,1.5,1.5,4.2,0.06,0.16,0.22,0.06,0.22,Matches
203,Sergi Guardiola\Sergi-Guardiola,es ESP,FW,Valladolid,27,1991,17,17,1514,3,1,0,1,0,0,0.18,0.06,0.24,0.18,0.24,4.6,3.8,1.6,0.29,0.1,0.39,0.24,0.34,Matches
204,Sergi Guardiola\Sergi-Guardiola,es ESP,MFFW,Getafe,27,1991,3,0,30,0,0,0,0,0,0,0,0,0,0,0,0.1,0.1,0,0.19,0,0.19,0.19,0.19,Matches
205,Gonçalo Guedes\Goncalo-Guedes,pt POR,MFFW,Valencia,21,1996,25,18,1465,5,3,0,0,2,0,0.31,0.18,0.49,0.31,0.49,2.1,2.1,3.8,0.13,0.23,0.36,0.13,0.36,Matches
206,Javi Guerra\Javi-Guerra,es ESP,FWMF,Rayo Vallecano,36,1982,8,1,236,0,1,0,0,0,0,0,0.38,0.38,0,0.38,0.5,0.5,0.5,0.19,0.17,0.36,0.19,0.36,Matches
207,Francis Guerrero\Francis-Guerrero,es ESP,DFMF,Betis,22,1996,22,22,1778,0,1,0,0,2,0,0,0.05,0.05,0,0.05,0.4,0.4,2,0.02,0.1,0.12,0.02,0.12,Matches
208,Ander Guevara\Ander-Guevara,es ESP,MF,Real Sociedad,21,1997,1,1,90,0,0,0,0,0,0,0,0,0,0,0,0.1,0.1,0.1,0.06,0.05,0.11,0.06,0.11,Matches
209,John Guidetti\John-Guidetti,se SWE,FW,Alavés,26,1992,22,6,631,2,1,0,0,2,0,0.29,0.14,0.43,0.29,0.43,1.8,1.8,0.6,0.26,0.09,0.35,0.26,0.35,Matches
210,Gerard Gumbau\Gerard-Gumbau,es ESP,MF,Leganés,23,1994,16,13,1199,1,1,1,1,6,1,0.08,0.08,0.15,0,0.08,1.6,0.9,0.4,0.12,0.03,0.15,0.06,0.1,Matches
211,Serdar Gürler\Serdar-Gurler,tr TUR,FWMF,Huesca,26,1991,13,5,482,0,1,0,0,2,0,0,0.19,0.19,0,0.19,0.3,0.3,0.3,0.05,0.06,0.11,0.05,0.11,Matches
212,Gorka Guruzeta\Gorka-Guruzeta,es ESP,FWMF,Athletic Club,21,1996,6,0,50,0,0,0,0,0,0,0,0,0,0,0,0.1,0.1,0.1,0.1,0.09,0.19,0.1,0.19,Matches
213,Hacen\Hacen,mr MTN,FW,Valladolid,20,1997,1,0,3,0,0,0,0,0,0,0,0,0,0,0,0,0,0,0,0,0,0,0,Matches
214,Munir El Haddadi\Munir-El-Haddadi,es ESP,FWMF,Sevilla,22,1995,16,12,1042,5,1,0,0,2,0,0.43,0.09,0.52,0.43,0.52,4,4,1.1,0.34,0.09,0.43,0.34,0.43,Matches
215,Munir El Haddadi\Munir-El-Haddadi,es ESP,FW,Barcelona,22,1995,7,1,152,1,1,0,0,0,0,0.59,0.59,1.18,0.59,1.18,0.6,0.6,0.9,0.37,0.54,0.91,0.37,0.91,Matches
216,Uche Henry Agbo\Uche-Henry-Agbo,ng NGA,MF,Rayo Vallecano,22,1995,6,5,372,0,0,0,0,2,0,0,0,0,0,0,0,0,0,0,0,0.01,0,0.01,Matches
217,Mario Hermoso\Mario-Hermoso,es ESP,DF,Espanyol,23,1995,32,31,2806,3,0,0,0,7,0,0.1,0,0.1,0.1,0.1,1.8,1.8,0.1,0.06,0,0.06,0.06,0.06,Matches
218,Lucas Hernández\Lucas-Hernandez,fr FRA,DF,Atlético Madrid,22,1996,14,13,1117,1,0,0,0,5,0,0.08,0,0.08,0.08,0.08,0.5,0.5,0.7,0.04,0.06,0.1,0.04,0.1,Matches
219,Theo Hernández\Theo-Hernandez,fr FRA,DF,Real Sociedad,20,1997,24,22,1976,1,2,0,0,5,1,0.05,0.09,0.14,0.05,0.14,0.9,0.9,1.5,0.04,0.07,0.11,0.04,0.11,Matches
220,Yangel Herrera\Yangel-Herrera,ve VEN,MFDF,Huesca,20,1998,16,14,1154,0,0,0,0,5,0,0,0,0,0,0,0.8,0.8,0.3,0.06,0.02,0.09,0.06,0.09,Matches
221,Iago Herrerín\Iago-Herrerin,es ESP,GK,Athletic Club,30,1988,31,31,2790,0,1,0,0,1,0,0,0.03,0.03,0,0.03,0,0,0.4,0,0.01,0.01,0,0.01,Matches
222,Pablo Hervías\Pablo-Hervias,es ESP,MF,Eibar,25,1993,3,2,180,0,1,0,0,0,0,0,0.5,0.5,0,0.5,0.1,0.1,0.3,0.07,0.15,0.22,0.07,0.22,Matches
223,Pablo Hervías\Pablo-Hervias,es ESP,FWMF,Valladolid,25,1993,3,2,160,0,0,0,0,1,0,0,0,0,0,0,0.1,0.1,0.2,0.06,0.11,0.16,0.06,0.16,Matches
224,Andrew Hjulsager\Andrew-Hjulsager,dk DEN,MFFW,Celta Vigo,23,1995,15,2,359,0,3,0,0,1,0,0,0.75,0.75,0,0.75,0.1,0.1,1,0.02,0.25,0.27,0.02,0.27,Matches
225,Wesley Hoedt\Wesley-Hoedt,nl NED,DF,Celta Vigo,24,1994,10,9,893,0,0,0,0,3,1,0,0,0,0,0,0.2,0.2,0.2,0.02,0.02,0.04,0.02,0.04,Matches
226,Robert Ibáñez\Robert-Ibanez,es ESP,DFFW,Getafe,25,1993,7,0,76,0,0,0,0,1,0,0,0,0,0,0,0.2,0.2,0,0.25,0,0.25,0.25,0.25,Matches
227,Vicente Iborra\Vicente-Iborra,es ESP,MFFW,Villarreal,30,1988,19,19,1665,3,1,0,0,7,0,0.16,0.05,0.22,0.16,0.22,1.9,1.9,0.7,0.11,0.04,0.14,0.11,0.14,Matches
228,Borja Iglesias\Borja-Iglesias,es ESP,FW,Espanyol,25,1993,37,35,3075,17,3,3,3,5,0,0.5,0.09,0.59,0.41,0.5,16.6,14.3,3.5,0.49,0.1,0.59,0.42,0.52,Matches
229,Asier Illarramendi\Asier-Illarramendi,es ESP,MF,Real Sociedad,28,1990,23,20,1821,1,1,0,0,8,0,0.05,0.05,0.1,0.05,0.1,0.4,0.4,1.5,0.02,0.07,0.09,0.02,0.09,Matches
230,Giannelli Imbula\Giannelli-Imbula,cd COD,MF,Rayo Vallecano,25,1992,22,21,1732,1,1,0,0,7,0,0.05,0.05,0.1,0.05,0.1,1,1,0.6,0.05,0.03,0.09,0.05,0.09,Matches
231,Pablo Insua\Pablo-Insua,es ESP,DF,Huesca,24,1993,10,10,776,0,0,0,0,4,0,0,0,0,0,0,0,0,0,0,0,0,0,0,Matches
232,Takashi Inui\Takashi-Inui,jp JPN,MFFW,Alavés,30,1988,12,10,828,2,0,0,0,0,0,0.22,0,0.22,0.22,0.22,1.6,1.6,0.4,0.17,0.04,0.21,0.17,0.21,Matches
233,Takashi Inui\Takashi-Inui,jp JPN,FWMF,Betis,30,1988,8,5,377,0,0,0,0,0,0,0,0,0,0,0,1.3,1.3,0.2,0.32,0.04,0.36,0.32,0.36,Matches
234,Gorka Iraizoz\Gorka-Iraizoz,es ESP,GK,Girona,37,1981,7,6,559,0,0,0,0,0,0,0,0,0,0,0,0,0,0,0,0,0,0,0,Matches
235,Carlos Isaac\Carlos-Isaac,es ESP,DF,Atlético Madrid,20,1998,1,1,90,0,0,0,0,0,0,0,0,0,0,0,0.1,0.1,0,0.13,0.04,0.17,0.13,0.17,Matches
236,Isco\Isco,es ESP,MFFW,Real Madrid,26,1992,27,11,1192,3,2,0,0,3,0,0.23,0.15,0.38,0.23,0.38,4,4,2.2,0.3,0.17,0.47,0.3,0.47,Matches
237,Manuel Iturra\Manuel-Iturra,cl CHI,MF,Villarreal,34,1984,3,1,74,0,0,0,0,1,0,0,0,0,0,0,0,0,0,0,0,0,0,0,Matches
238,Ander Iturraspe\Ander-Iturraspe,es ESP,MF,Athletic Club,29,1989,3,1,98,0,0,0,0,1,0,0,0,0,0,0,0,0,0,0,0,0,0,0,Matches
239,Ivi\Ivi,es ESP,MFFW,Valladolid,24,1994,3,0,20,0,0,0,0,0,0,0,0,0,0,0,0.1,0.1,0,0.39,0,0.39,0.39,0.39,Matches
240,Adnan Januzaj\Adnan-Januzaj,be BEL,FWMF,Real Sociedad,23,1995,20,13,1254,1,3,0,0,1,0,0.07,0.22,0.29,0.07,0.29,2.3,2.3,2,0.17,0.14,0.31,0.17,0.31,Matches
241,Jason\Jason,es ESP,MFDF,Levante,24,1994,30,26,2330,2,5,0,0,10,0,0.08,0.19,0.27,0.08,0.27,2.7,2.7,5.2,0.11,0.2,0.31,0.11,0.31,Matches
242,Mathias Jensen\Mathias-Jensen,dk DEN,MFFW,Celta Vigo,22,1996,6,3,235,0,0,0,0,0,0,0,0,0,0,0,0.2,0.2,0.1,0.08,0.04,0.12,0.08,0.12,Matches
243,Jesé\Jese,es ESP,FWMF,Betis,25,1993,14,9,779,2,0,0,0,2,0,0.23,0,0.23,0.23,0.23,3,3,0.8,0.35,0.09,0.44,0.35,0.44,Matches
244,Joaquín\Joaquin,es ESP,FWDF,Betis,37,1981,30,17,1696,6,0,0,0,5,0,0.32,0,0.32,0.32,0.32,4.2,4.2,3.3,0.22,0.17,0.39,0.22,0.39,Matches
245,Jony\Jony,es ESP,MFFW,Alavés,27,1991,36,34,2971,4,11,0,0,3,0,0.12,0.33,0.45,0.12,0.45,4.4,4.4,7.2,0.13,0.22,0.35,0.13,0.35,Matches
246,Joan Jordán\Joan-Jordan,es ESP,MF,Eibar,24,1994,36,32,2875,4,4,0,0,10,0,0.13,0.13,0.25,0.13,0.25,2.9,2.9,3.8,0.09,0.12,0.21,0.09,0.21,Matches
247,Willian José\Willian-Jose,br BRA,FW,Real Sociedad,26,1991,31,28,2367,11,5,5,7,5,1,0.42,0.19,0.61,0.23,0.42,11.8,6.8,3.4,0.45,0.13,0.58,0.26,0.39,Matches
248,Aleksandar Jovanović\Aleksandar-Jovanovic,rs SRB,GK,Huesca,25,1992,12,12,1080,0,0,0,0,1,0,0,0,0,0,0,0,0,0,0,0,0,0,0,Matches
249,Jozabed\Jozabed,es ESP,MF,Celta Vigo,27,1991,20,14,1155,0,0,0,0,1,0,0,0,0,0,0,0.6,0.6,1,0.05,0.08,0.13,0.05,0.13,Matches
250,Miguel Juan Llambrich\Miguel-Juan-Llambrich,es ESP,DF,Villarreal,22,1996,8,5,544,0,0,0,0,1,0,0,0,0,0,0,0.1,0.1,0.3,0.01,0.04,0.05,0.01,0.05,Matches
251,Juanfran\Juanfran,es ESP,DF,Atlético Madrid,33,1985,22,18,1609,0,2,0,0,7,0,0,0.11,0.11,0,0.11,0,0,2.5,0,0.14,0.14,0,0.14,Matches
252,Juanfran\Juanfran,es ESP,DF,Leganés,29,1988,23,17,1459,1,1,0,0,0,0,0.06,0.06,0.12,0.06,0.12,0.5,0.5,2.2,0.03,0.14,0.16,0.03,0.16,Matches
253,Juanmi\Juanmi,es ESP,FWMF,Real Sociedad,25,1993,30,16,1523,5,2,0,0,5,1,0.3,0.12,0.41,0.3,0.41,6.4,6.4,1.5,0.38,0.09,0.47,0.38,0.47,Matches
254,Juanpe\Juanpe,es ESP,DF,Girona,27,1991,33,31,2767,0,0,0,0,8,0,0,0,0,0,0,1,1,0.4,0.03,0.01,0.05,0.03,0.05,Matches
255,Juanpi\Juanpi,ve VEN,MFFW,Huesca,24,1994,14,8,670,2,2,1,1,2,0,0.27,0.27,0.54,0.13,0.4,1.6,0.8,0.5,0.21,0.07,0.28,0.11,0.18,Matches
256,David Juncà\David-Junca,es ESP,DF,Celta Vigo,24,1993,21,21,1754,0,3,0,0,6,0,0,0.15,0.15,0,0.15,0.3,0.3,0.8,0.02,0.04,0.06,0.02,0.06,Matches
257,Vinicius Júnior\Vinicius-Junior,br BRA,FW,Real Madrid,18,2000,18,9,869,2,0,0,0,0,0,0.21,0,0.21,0.21,0.21,2.9,2.9,1.4,0.3,0.15,0.45,0.3,0.45,Matches
258,Gaël Kakuta\Gael-Kakuta,cd COD,MFFW,Rayo Vallecano,27,1991,12,9,717,1,0,1,1,1,0,0.13,0,0.13,0,0,1.2,0.4,0.3,0.15,0.04,0.19,0.05,0.09,Matches
259,Nikola Kalinić\Nikola-Kalinic,hr CRO,FW,Atlético Madrid,30,1988,17,7,642,2,0,0,0,3,0,0.28,0,0.28,0.28,0.28,1.5,1.5,0.2,0.21,0.02,0.23,0.21,0.23,Matches
260,Lee Kangin\Lee-Kangin,kr KOR,FWMF,Valencia,17,2001,3,0,24,0,0,0,0,1,0,0,0,0,0,0,0,0,0,0.07,0.18,0.25,0.07,0.25,Matches
261,Wilfrid Kaptoum\Wilfrid-Kaptoum,cm CMR,MF,Betis,22,1996,10,9,773,0,0,0,0,2,0,0,0,0,0,0,0.1,0.1,0.1,0.01,0.01,0.02,0.01,0.02,Matches
262,Keko\Keko,es ESP,MFFW,Valladolid,26,1991,26,20,1533,2,1,0,0,2,0,0.12,0.06,0.18,0.12,0.18,3.3,3.3,2.2,0.19,0.13,0.32,0.19,0.32,Matches
263,Kike\Kike,es ESP,FW,Eibar,28,1989,30,15,1298,3,0,0,0,0,0,0.21,0,0.21,0.21,0.21,5,5,1.4,0.35,0.1,0.45,0.35,0.45,Matches
264,Simon Kjær\Simon-Kjaer,dk DEN,DF,Sevilla,29,1989,26,25,2008,0,0,0,0,5,0,0,0,0,0,0,0.9,0.9,0.4,0.04,0.02,0.06,0.04,0.06,Matches
265,Kenan Kodro\Kenan-Kodro,ba BIH,FWMF,Athletic Club,24,1993,11,0,161,1,0,0,0,0,0,0.56,0,0.56,0.56,0.56,0.2,0.2,0.2,0.09,0.09,0.18,0.09,0.18,Matches
266,Koke\Koke,es ESP,MF,Atlético Madrid,26,1992,30,29,2586,3,5,0,0,10,1,0.1,0.17,0.28,0.1,0.28,1.1,1.1,3.3,0.04,0.12,0.16,0.04,0.16,Matches
267,Geoffrey Kondogbia\Geoffrey-Kondogbia,cf CTA,MF,Valencia,25,1993,19,14,1245,1,1,0,0,1,0,0.07,0.07,0.14,0.07,0.14,2,2,0.9,0.15,0.07,0.21,0.15,0.21,Matches
268,Vasyl Kravets\Vasyl-Kravets,ua UKR,DF,Leganés,20,1997,6,6,481,0,0,0,0,2,0,0,0,0,0,0,0.1,0.1,0.5,0.02,0.1,0.12,0.02,0.12,Matches
269,Toni Kroos\Toni-Kroos,de GER,MF,Real Madrid,28,1990,28,26,2221,0,4,0,0,2,0,0,0.16,0.16,0,0.16,1.2,1.2,3.6,0.05,0.15,0.19,0.05,0.19,Matches
270,Víctor Laguardia\Victor-Laguardia,es ESP,DF,Alavés,28,1989,36,36,3240,1,2,0,0,13,0,0.03,0.06,0.08,0.03,0.08,1.4,1.4,1.1,0.04,0.03,0.07,0.04,0.07,Matches
271,Diego Lainez\Diego-Lainez,mx MEX,MFFW,Betis,18,2000,12,3,353,0,1,0,0,2,0,0,0.25,0.25,0,0.25,0.2,0.2,0.4,0.06,0.09,0.15,0.06,0.15,Matches
272,Toni Lato\Toni-Lato,es ESP,DF,Valencia,20,1997,4,3,270,0,0,0,0,1,0,0,0,0,0,0,0.2,0.2,0,0.06,0.02,0.08,0.06,0.08,Matches
273,Miguel Layún\Miguel-Layun,mx MEX,MFDF,Villarreal,30,1988,8,5,506,0,1,0,0,1,0,0,0.18,0.18,0,0.18,0.6,0.5,1.3,0.11,0.22,0.34,0.08,0.31,Matches
274,Robin Le Normand\Robin-Le-Normand,fr FRA,DF,Real Sociedad,21,1996,4,3,284,0,1,0,0,1,0,0,0.32,0.32,0,0.32,0.3,0.3,0,0.09,0.01,0.1,0.09,0.1,Matches
275,Wu Lei\Wu-Lei,cn CHN,FWMF,Espanyol,26,1991,16,12,1061,3,1,0,0,1,0,0.25,0.08,0.34,0.25,0.34,4.1,4.1,0.7,0.35,0.06,0.41,0.35,0.41,Matches
276,Iñigo Lekue\Inigo-Lekue,es ESP,DF,Athletic Club,25,1993,4,2,211,0,0,0,0,1,0,0,0,0,0,0,0,0,0.1,0,0.03,0.03,0,0.03,Matches
277,Thomas Lemar\Thomas-Lemar,fr FRA,MFFW,Atlético Madrid,22,1995,31,22,1817,2,3,0,0,4,0,0.1,0.15,0.25,0.1,0.25,2.7,2.7,2.8,0.13,0.14,0.27,0.13,0.27,Matches
278,Clément Lenglet\Clement-Lenglet,fr FRA,DF,Barcelona,23,1995,23,22,1933,1,0,0,0,8,1,0.05,0,0.05,0.05,0.05,1.2,1.2,0,0.05,0,0.05,0.05,0.05,Matches
279,Pedro León\Pedro-Leon,es ESP,MFFW,Eibar,31,1986,9,5,425,1,0,0,0,0,0,0.21,0,0.21,0.21,0.21,1.1,1.1,0.2,0.23,0.05,0.27,0.23,0.27,Matches
280,Sergio León\Sergio-Leon,es ESP,FWMF,Betis,29,1989,16,6,638,0,1,0,0,1,0,0,0.14,0.14,0,0.14,0.5,0.5,0.5,0.07,0.07,0.14,0.07,0.14,Matches
281,Diego Llorente\Diego-Llorente,es ESP,DF,Real Sociedad,24,1993,21,20,1752,0,0,0,0,5,0,0,0,0,0,0,0.3,0.3,0.1,0.02,0,0.02,0.02,0.02,Matches
282,Marcos Llorente\Marcos-Llorente,es ESP,MF,Real Madrid,23,1995,7,6,540,0,0,0,0,1,0,0,0,0,0,0,0.1,0.1,0.3,0.02,0.05,0.07,0.02,0.07,Matches
283,Giovani Lo Celso\Giovani-Lo-Celso,ar ARG,MFFW,Betis,22,1996,32,27,2397,9,4,2,4,5,0,0.34,0.15,0.49,0.26,0.41,8.8,5.8,3.6,0.33,0.14,0.47,0.22,0.35,Matches
284,Stanislav Lobotka\Stanislav-Lobotka,sk SVK,MF,Celta Vigo,23,1994,31,27,2489,0,1,0,0,1,0,0,0.04,0.04,0,0.04,0.7,0.7,0.9,0.03,0.03,0.06,0.03,0.06,Matches
285,Samuele Longo\Samuele-Longo,it ITA,FWMF,Huesca,26,1992,15,6,556,1,2,0,0,4,0,0.16,0.32,0.49,0.16,0.49,2.3,2.3,0.6,0.38,0.09,0.47,0.38,0.47,Matches
286,Pedro López Muñoz\Pedro-Lopez-Munoz,es ESP,DF,Levante,34,1983,8,4,465,0,1,0,0,1,0,0,0.19,0.19,0,0.19,0.2,0.2,0.5,0.03,0.1,0.13,0.03,0.13,Matches
287,Alejandro López\Alejandro-Lopez,es ESP,MF,Espanyol,21,1997,4,1,112,0,0,0,0,1,0,0,0,0,0,0,0,0,0,0.01,0,0.01,0.01,0.01,Matches
288,David López\David-Lopez,es ESP,DF,Espanyol,28,1989,21,21,1819,0,0,0,0,4,0,0,0,0,0,0,0.9,0.9,0.2,0.04,0.01,0.05,0.04,0.05,Matches
289,Diego López\Diego-Lopez,es ESP,GK,Espanyol,36,1981,38,38,3420,0,0,0,0,2,0,0,0,0,0,0,0,0,0,0,0,0,0,0,Matches
290,Javi López\Javi-Lopez,es ESP,DF,Espanyol,32,1986,23,21,1948,0,1,0,0,5,1,0,0.05,0.05,0,0.05,0.5,0.5,1.5,0.02,0.07,0.09,0.02,0.09,Matches
291,Lluis López\Lluis-Lopez,es ESP,DF,Espanyol,21,1997,6,5,521,0,0,0,0,0,0,0,0,0,0,0,0.1,0.1,0,0.02,0,0.02,0.02,0.02,Matches
292,Pau López\Pau-Lopez,es ESP,GK,Betis,23,1994,33,33,2970,0,0,0,0,3,0,0,0,0,0,0,0,0,0,0,0,0,0,0,Matches
293,Roberto López\Roberto-Lopez,es ESP,MF,Real Sociedad,18,2000,1,0,29,0,0,0,0,0,0,0,0,0,0,0,0,0,0,0,0,0,0,0,Matches
294,Unai López\Unai-Lopez,es ESP,MF,Athletic Club,22,1995,7,3,328,0,0,0,0,1,0,0,0,0,0,0,0.4,0.4,0.3,0.1,0.08,0.18,0.1,0.18,Matches
295,Anthony Lozano\Anthony-Lozano,hn HON,FWMF,Girona,25,1993,20,7,730,0,0,0,0,4,1,0,0,0,0,0,2.1,2.1,0.6,0.26,0.07,0.33,0.26,0.33,Matches
296,José Luis Gayà\Jose-Luis-Gaya,es ESP,DF,Valencia,23,1995,35,35,3137,1,1,0,0,10,0,0.03,0.03,0.06,0.03,0.06,0.8,0.8,2.1,0.02,0.06,0.08,0.02,0.08,Matches
297,José Luis Morales\Jose-Luis-Morales,es ESP,FWMF,Levante,31,1987,37,35,3195,12,5,3,5,7,0,0.34,0.14,0.48,0.25,0.39,13.6,9.8,5.6,0.38,0.16,0.54,0.28,0.43,Matches
298,Filipe Luís\Filipe-Luis,br BRA,DF,Atlético Madrid,32,1985,27,24,2030,2,2,0,0,4,0,0.09,0.09,0.18,0.09,0.18,0.7,0.7,1.1,0.03,0.05,0.08,0.03,0.08,Matches
299,Luisinho\Luisinho,pt POR,DF,Huesca,33,1985,7,6,507,0,0,0,0,4,0,0,0,0,0,0,0.1,0.1,0.3,0.02,0.05,0.07,0.02,0.07,Matches
300,Douglas Luiz\Douglas-Luiz,br BRA,MF,Girona,20,1998,23,16,1490,0,0,0,0,7,0,0,0,0,0,0,1.1,1.1,0.4,0.07,0.02,0.09,0.07,0.09,Matches
301,Antonio Luna\Antonio-Luna,es ESP,DF,Levante,27,1991,16,14,1258,0,2,0,0,4,0,0,0.14,0.14,0,0.14,0.3,0.3,1.5,0.02,0.11,0.13,0.02,0.13,Matches
302,Andriy Lunin\Andriy-Lunin,ua UKR,GK,Leganés,19,1999,5,4,365,0,0,0,0,0,0,0,0,0,0,0,0,0,0,0,0,0,0,0,Matches
303,Nemanja Maksimović\Nemanja-Maksimovic,rs SRB,MF,Getafe,23,1995,36,36,3209,1,0,0,0,4,0,0.03,0,0.03,0.03,0.03,2.2,2.2,0.7,0.06,0.02,0.08,0.06,0.08,Matches
304,Malcom\Malcom,br BRA,FWDF,Barcelona,21,1997,15,6,614,1,2,0,0,0,0,0.15,0.29,0.44,0.15,0.44,1.5,1.5,1.6,0.23,0.24,0.47,0.23,0.47,Matches
305,Hugo Mallo\Hugo-Mallo,es ESP,DF,Celta Vigo,27,1991,35,35,3092,1,4,0,0,11,0,0.03,0.12,0.15,0.03,0.15,1.4,1.4,4,0.04,0.12,0.16,0.04,0.16,Matches
306,Aïssa Mandi\Aissa-Mandi,dz ALG,DF,Betis,26,1991,35,34,3059,1,1,0,0,10,0,0.03,0.03,0.06,0.03,0.06,0.7,0.7,1.2,0.02,0.04,0.06,0.02,0.06,Matches
307,Martín Mantovani\Martin-Mantovani,ar ARG,DF,Huesca,34,1984,9,6,701,2,0,0,0,2,0,0.26,0,0.26,0.26,0.26,0.5,0.5,0,0.06,0,0.06,0.06,0.06,Matches
308,Francisco Manzanara\Francisco-Manzanara,es ESP,DFMF,Levante,21,1996,4,1,157,0,0,0,0,0,0,0,0,0,0,0,0.4,0.4,0,0.23,0,0.23,0.23,0.23,Matches
309,Marcelo\Marcelo,br BRA,DF,Real Madrid,30,1988,23,21,1853,2,2,0,0,6,0,0.1,0.1,0.19,0.1,0.19,1.5,1.5,3,0.07,0.15,0.22,0.07,0.22,Matches
310,Óscar de Marcos\Oscar-de-Marcos,es ESP,DFFW,Athletic Club,29,1989,30,28,2421,1,2,0,0,7,2,0.04,0.07,0.11,0.04,0.11,1.2,1.2,2.6,0.05,0.1,0.14,0.05,0.14,Matches
311,Miguel Marí\Miguel-Mari,es ESP,MF,Eibar,21,1997,2,0,69,0,0,0,0,0,0,0,0,0,0,0,0,0,0,0,0,0,0,0,Matches
312,José María Giménez\Jose-Maria-Gimenez,uy URU,DF,Atlético Madrid,23,1995,21,19,1772,0,0,0,0,5,0,0,0,0,0,0,0.8,0.8,0.4,0.04,0.02,0.06,0.04,0.06,Matches
313,Mariano\Mariano,do DOM,FW,Real Madrid,24,1993,13,3,447,3,0,0,0,2,0,0.6,0,0.6,0.6,0.6,2.9,2.9,0.8,0.58,0.16,0.74,0.58,0.74,Matches
314,Adrián Marín\Adrian-Marin,es ESP,DFMF,Alavés,21,1997,6,2,290,0,0,0,0,2,0,0,0,0,0,0,0.2,0.2,0,0.06,0,0.06,0.06,0.06,Matches
315,Guillermo Maripán\Guillermo-Maripan,cl CHI,DF,Alavés,24,1994,23,22,2008,2,2,0,0,5,0,0.09,0.09,0.18,0.09,0.18,1.2,1.2,0.6,0.05,0.03,0.08,0.05,0.08,Matches
316,Roger Martí\Roger-Marti,es ESP,FW,Levante,27,1991,31,23,1887,13,0,2,2,5,0,0.62,0,0.62,0.52,0.52,12.8,11,1,0.61,0.05,0.66,0.53,0.57,Matches
317,Iñigo Martínez\Inigo-Martinez,es ESP,DF,Athletic Club,27,1991,33,33,2902,0,0,0,0,12,0,0,0,0,0,0,1.4,1.4,0.5,0.04,0.01,0.06,0.04,0.06,Matches
318,Gelson Martins\Gelson-Martins,pt POR,FW,Atlético Madrid,23,1995,8,1,229,0,0,0,0,0,0,0,0,0,0,0,0.7,0.7,0,0.26,0.02,0.28,0.26,0.28,Matches
319,Jordi Masip\Jordi-Masip,es ESP,GK,Valladolid,29,1989,35,35,3150,0,0,0,0,1,0,0,0,0,0,0,0,0,0.1,0,0,0,0,0,Matches
320,Jaime Mata\Jaime-Mata,es ESP,FWMF,Getafe,29,1988,34,27,2432,14,6,4,4,10,0,0.52,0.22,0.74,0.37,0.59,12.4,9.4,3,0.46,0.11,0.57,0.35,0.46,Matches
321,Borja Mayoral\Borja-Mayoral,es ESP,FW,Levante,21,1997,29,16,1621,3,2,0,0,1,0,0.17,0.11,0.28,0.17,0.28,3.4,3.4,2.9,0.19,0.16,0.35,0.19,0.35,Matches
322,Róbert Mazáň\Robert-Mazan,sk SVK,DF,Celta Vigo,24,1994,1,1,90,0,0,0,0,0,0,0,0,0,0,0,0,0,0.1,0.02,0.05,0.07,0.02,0.07,Matches
323,Álvaro Medrán\Alvaro-Medran,es ESP,MF,Rayo Vallecano,24,1994,21,12,1149,3,0,0,0,8,1,0.23,0,0.23,0.23,0.23,1.5,1.5,1.5,0.12,0.12,0.24,0.12,0.24,Matches
324,Óscar Melendo\Oscar-Melendo,es ESP,MFFW,Espanyol,20,1997,32,22,1997,0,5,0,0,3,0,0,0.23,0.23,0,0.23,0.8,0.8,3.3,0.04,0.15,0.18,0.04,0.18,Matches
325,Gonzalo Melero\Gonzalo-Melero,es ESP,MF,Huesca,24,1994,22,14,1345,2,1,1,2,3,0,0.13,0.07,0.2,0.07,0.13,4,2.5,1.1,0.27,0.07,0.34,0.17,0.24,Matches
326,Arthur Melo\Arthur-Melo,br BRA,MF,Barcelona,21,1996,27,19,1430,0,1,0,0,2,0,0,0.06,0.06,0,0.06,0.3,0.3,1.6,0.02,0.1,0.12,0.02,0.12,Matches
327,Brais Méndez\Brais-Mendez,es ESP,MFFW,Celta Vigo,21,1997,31,27,2349,6,7,1,1,5,0,0.23,0.27,0.5,0.19,0.46,5.6,4.8,3.3,0.21,0.13,0.34,0.18,0.31,Matches
328,Gabriel Mercado\Gabriel-Mercado,ar ARG,DF,Sevilla,31,1987,23,19,1738,2,1,0,0,10,0,0.1,0.05,0.16,0.1,0.16,1.1,1.1,0,0.06,0,0.06,0.06,0.06,Matches
329,Mikel Merino\Mikel-Merino,es ESP,MF,Real Sociedad,22,1996,29,24,2055,3,3,0,0,10,1,0.13,0.13,0.26,0.13,0.26,2.6,2.6,1.7,0.12,0.08,0.19,0.12,0.19,Matches
330,Sabin Merino\Sabin-Merino,es ESP,FWMF,Leganés,26,1992,12,2,295,0,0,0,0,0,0,0,0,0,0,0,1.5,1.5,0.2,0.46,0.05,0.51,0.46,0.51,Matches
331,Martín Merquelanz\Martin-Merquelanz,es ESP,MF,Real Sociedad,23,1995,1,0,6,0,0,0,0,0,0,0,0,0,0,0,0,0,0,0,0,0,0,0,Matches
332,Roque Mesa\Roque-Mesa,es ESP,MF,Sevilla,29,1989,31,20,1746,2,2,0,0,11,1,0.1,0.1,0.21,0.1,0.21,1.7,1.7,1.4,0.09,0.07,0.16,0.09,0.16,Matches
333,Lionel Messi\Lionel-Messi,ar ARG,FW,Barcelona,31,1987,34,29,2713,36,13,4,5,3,0,1.19,0.43,1.63,1.06,1.49,23.3,19.5,13.5,0.77,0.45,1.22,0.65,1.1,Matches
334,Míchel\Michel,es ESP,MF,Valladolid,30,1988,35,27,2553,1,2,0,1,9,0,0.04,0.07,0.11,0.04,0.11,1.5,0.7,3.8,0.05,0.13,0.19,0.02,0.16,Matches
335,Miguel\Miguel,es ESP,MF,Valladolid,18,1999,2,0,12,0,0,0,0,0,0,0,0,0,0,0,0.2,0.2,0,1.18,0,1.18,1.18,1.18,Matches
336,Pere Milla\Pere-Milla,es ESP,FWMF,Eibar,25,1992,5,5,341,0,0,0,0,0,0,0,0,0,0,0,0.2,0.2,0.2,0.05,0.05,0.1,0.05,0.1,Matches
337,Santi Mina\Santi-Mina,es ESP,FW,Valencia,22,1995,30,23,1852,7,5,0,0,4,0,0.34,0.24,0.58,0.34,0.58,7.4,7.2,2.6,0.36,0.13,0.48,0.35,0.48,Matches
338,Ignasi Miquel\Ignasi-Miquel,es ESP,DF,Getafe,25,1992,7,4,316,0,0,0,0,1,0,0,0,0,0,0,0,0,0,0,0,0,0,0,Matches
339,Jorge Miramón\Jorge-Miramon,es ESP,DF,Huesca,29,1989,30,30,2492,1,0,0,0,5,0,0.04,0,0.04,0.04,0.04,0.7,0.7,1.7,0.02,0.06,0.09,0.02,0.09,Matches
340,Luka Modrić\Luka-Modric,hr CRO,MF,Real Madrid,32,1985,34,31,2608,3,6,0,0,6,0,0.1,0.21,0.31,0.1,0.31,2.9,2.9,3.1,0.1,0.11,0.21,0.1,0.21,Matches
341,Johan Mojica\Johan-Mojica,co COL,DFMF,Girona,25,1992,1,0,20,0,0,0,0,0,0,0,0,0,0,0,0,0,0,0,0,0,0,0,Matches
342,Jorge Molina\Jorge-Molina,es ESP,FW,Getafe,36,1982,38,28,2648,14,5,2,2,2,0,0.48,0.17,0.65,0.41,0.58,11.4,9.9,5.3,0.39,0.18,0.57,0.34,0.52,Matches
343,Victor Mollejo\Victor-Mollejo,es ESP,FWMF,Atlético Madrid,17,2001,4,0,65,0,0,0,0,0,0,0,0,0,0,0,0.1,0.1,0,0.09,0.05,0.14,0.09,0.14,Matches
344,Francisco Montero\Francisco-Montero,es ESP,DF,Atlético Madrid,19,1999,9,4,404,0,0,0,0,2,0,0,0,0,0,0,0,0,0,0,0,0,0,0,Matches
345,Emre Mor\Emre-Mor,tr TUR,FWMF,Celta Vigo,21,1997,10,4,369,0,0,0,0,1,0,0,0,0,0,0,0.6,0.6,0.1,0.15,0.03,0.19,0.15,0.19,Matches
346,Álvaro Morata\Alvaro-Morata,es ESP,FW,Atlético Madrid,25,1992,15,13,1083,6,1,0,0,5,0,0.5,0.08,0.58,0.5,0.58,6.6,6.6,1.3,0.55,0.11,0.65,0.55,0.65,Matches
347,Álex Moreno\Alex-Moreno,es ESP,DF,Rayo Vallecano,25,1993,36,36,3136,1,1,0,0,5,0,0.03,0.03,0.06,0.03,0.06,1.2,1.2,3.2,0.03,0.09,0.12,0.03,0.12,Matches
348,Gerard Moreno\Gerard-Moreno,es ESP,FW,Villarreal,26,1992,35,25,2315,8,1,0,1,3,0,0.31,0.04,0.35,0.31,0.35,9.6,8.8,3.3,0.37,0.13,0.5,0.34,0.47,Matches
349,Héctor Moreno\Hector-Moreno,mx MEX,DF,Real Sociedad,30,1988,25,21,1933,1,0,0,0,2,0,0.05,0,0.05,0.05,0.05,0.5,0.5,0.5,0.02,0.02,0.05,0.02,0.05,Matches
350,Sergio Moreno\Sergio-Moreno,es ESP,MF,Rayo Vallecano,,,1,0,14,0,0,0,0,0,0,0,0,0,0,0,0.3,0.3,0,1.64,0,1.64,1.64,1.64,Matches
351,Manu Morlanes\Manu-Morlanes,es ESP,MF,Villarreal,19,1999,10,7,610,0,3,0,0,2,0,0,0.44,0.44,0,0.44,0.1,0.1,1,0.01,0.15,0.16,0.01,0.16,Matches
352,Loren Morón\Loren-Moron,es ESP,FW,Betis,24,1993,33,22,1957,6,0,0,0,4,0,0.28,0,0.28,0.28,0.28,7.9,7.8,1.3,0.36,0.06,0.42,0.36,0.42,Matches
353,Toni Moya\Toni-Moya,es ESP,DF,Atlético Madrid,20,1998,1,1,90,0,0,0,0,0,0,0,0,0,0,0,0,0,0,0,0,0,0,0,Matches
354,Javi Moyano\Javi-Moyano,es ESP,DF,Valladolid,32,1986,27,25,2098,0,0,0,0,3,0,0,0,0,0,0,0.3,0.3,0.4,0.01,0.02,0.03,0.01,0.03,Matches
355,Iker Muniain\Iker-Muniain,es ESP,FWMF,Athletic Club,25,1992,34,27,2383,7,3,1,1,7,0,0.26,0.11,0.38,0.23,0.34,6.4,5.7,3.3,0.24,0.13,0.37,0.21,0.34,Matches
356,Marc Muniesa\Marc-Muniesa,es ESP,DFMF,Girona,26,1992,19,15,1406,0,0,0,0,6,0,0,0,0,0,0,0.4,0.4,0.5,0.02,0.03,0.06,0.02,0.06,Matches
357,Aihen Muñoz\Aihen-Munoz,es ESP,DF,Real Sociedad,20,1997,11,11,951,0,0,0,0,0,0,0,0,0,0,0,0.1,0.1,0.2,0.01,0.02,0.03,0.01,0.03,Matches
358,Ezequiel Muñoz\Ezequiel-Munoz,ar ARG,DF,Leganés,27,1990,3,2,211,0,0,0,0,0,0,0,0,0,0,0,0.1,0.1,0,0.06,0,0.06,0.06,0.06,Matches
359,Joaquín Muñoz\Joaquin-Munoz,es ESP,MF,Atlético Madrid,19,1999,1,0,1,0,0,0,0,0,0,0,0,0,0,0,0,0,0,0,0,0,0,0,Matches
360,Luis Muriel\Luis-Muriel,co COL,MFFW,Sevilla,27,1991,6,1,123,1,1,0,0,0,0,0.73,0.73,1.46,0.73,1.46,0.3,0.3,0.1,0.25,0.07,0.32,0.25,0.32,Matches
361,Jeison Murillo\Jeison-Murillo,co COL,DF,Barcelona,26,1992,2,1,113,0,0,0,0,0,0,0,0,0,0,0,0,0,0,0.02,0,0.02,0.02,0.02,Matches
362,Jeison Murillo\Jeison-Murillo,co COL,DF,Valencia,26,1992,1,1,90,0,0,0,0,0,0,0,0,0,0,0,0,0,0,0,0,0,0,0,Matches
363,Damián Musto\Damian-Musto,ar ARG,MF,Huesca,31,1987,24,20,1686,0,0,0,0,11,0,0,0,0,0,0,1.2,1.2,0.1,0.06,0.01,0.07,0.06,0.07,Matches
364,Nacho\Nacho,es ESP,DF,Valladolid,29,1989,35,35,3150,1,3,0,0,10,0,0.03,0.09,0.11,0.03,0.11,0.6,0.6,3.4,0.02,0.1,0.12,0.02,0.12,Matches
365,Nacho\Nacho,es ESP,DF,Real Madrid,28,1990,20,19,1698,0,1,0,0,8,1,0,0.05,0.05,0,0.05,0.3,0.3,0.2,0.01,0.01,0.03,0.01,0.03,Matches
366,Naldo\Naldo,br BRA,DF,Espanyol,29,1988,16,16,1362,1,1,0,0,3,0,0.07,0.07,0.13,0.07,0.13,0.6,0.6,0.1,0.04,0,0.04,0.04,0.04,Matches
367,Ximo Navarro\Ximo-Navarro,es ESP,DF,Alavés,28,1990,31,28,2533,2,2,0,0,7,0,0.07,0.07,0.14,0.07,0.14,0.5,0.5,1.2,0.02,0.04,0.06,0.02,0.06,Matches
368,Jesús Navas\Jesus-Navas,es ESP,DFMF,Sevilla,32,1985,32,31,2712,1,5,0,0,8,0,0.03,0.17,0.2,0.03,0.2,1.3,1.3,5.6,0.04,0.19,0.23,0.04,0.23,Matches
369,Keylor Navas\Keylor-Navas,cr CRC,GK,Real Madrid,31,1986,10,10,900,0,0,0,0,1,0,0,0,0,0,0,0,0,0,0,0,0,0,0,Matches
370,Raúl Navas\Raul-Navas,es ESP,DF,Real Sociedad,30,1988,16,15,1310,0,0,0,0,4,0,0,0,0,0,0,0.3,0.3,0.1,0.02,0.01,0.03,0.02,0.03,Matches
371,Neto\Neto,br BRA,GK,Valencia,29,1989,34,34,3060,0,0,0,0,2,0,0,0,0,0,0,0,0,0,0,0,0,0,0,Matches
372,Saúl Ñíguez\Saul-Niguez,es ESP,MFDF,Atlético Madrid,23,1994,33,32,2925,4,1,0,1,10,0,0.12,0.03,0.15,0.12,0.15,5.2,4.2,1.5,0.16,0.05,0.21,0.13,0.18,Matches
373,Peru Nolaskoain\Peru-Nolaskoain,es ESP,DF,Athletic Club,19,1998,8,4,464,2,0,0,0,2,1,0.39,0,0.39,0.39,0.39,0.3,0.3,0.1,0.06,0.02,0.07,0.06,0.07,Matches
374,Nolito\Nolito,es ESP,FW,Sevilla,31,1986,4,1,76,0,0,0,0,0,0,0,0,0,0,0,0.6,0.6,0,0.75,0,0.75,0.75,0.75,Matches
375,Unai Núñez\Unai-Nunez,es ESP,DF,Athletic Club,21,1997,12,11,1064,0,0,0,0,4,0,0,0,0,0,0,0.8,0.8,0.2,0.07,0.02,0.09,0.07,0.09,Matches
376,Allan Nyom\Allan-Nyom,cm CMR,DF,Leganés,30,1988,23,20,1708,1,1,0,0,7,1,0.05,0.05,0.11,0.05,0.11,0.2,0.2,2.1,0.01,0.11,0.13,0.01,0.13,Matches
377,Jan Oblak\Jan-Oblak,si SVN,GK,Atlético Madrid,25,1993,37,37,3330,0,0,0,0,1,0,0,0,0,0,0,0,0,0,0,0,0,0,0,Matches
378,Álvaro Odriozola\Alvaro-Odriozola,es ESP,DF,Real Madrid,22,1995,14,14,1178,0,2,0,0,2,0,0,0.15,0.15,0,0.15,0.3,0.3,2.6,0.02,0.2,0.23,0.02,0.23,Matches
379,Dani Ojeda\Dani-Ojeda,es ESP,MFDF,Leganés,23,1994,5,2,193,0,0,0,0,1,0,0,0,0,0,0,0.4,0.4,0.3,0.18,0.13,0.31,0.18,0.31,Matches
380,Lucas Olaza\Lucas-Olaza,uy URU,DF,Celta Vigo,24,1994,10,10,897,0,2,0,0,2,0,0,0.2,0.2,0,0.2,0,0,0.5,0,0.05,0.05,0,0.05,Matches
381,Oier Olazábal\Oier-Olazabal,es ESP,GK,Levante,28,1989,21,21,1890,0,0,0,0,1,0,0,0,0,0,0,0,0,0.2,0,0.01,0.01,0,0.01,Matches
382,Kiko Olivas\Kiko-Olivas,es ESP,DF,Valladolid,29,1988,35,35,3100,0,0,0,0,6,0,0,0,0,0,0,0.4,0.4,0.3,0.01,0.01,0.02,0.01,0.02,Matches
383,Paulo Oliveira\Paulo-Oliveira,pt POR,DF,Eibar,26,1992,28,24,2245,0,0,0,0,4,0,0,0,0,0,0,0.6,0.6,0.1,0.02,0.01,0.03,0.02,0.03,Matches
384,Mathías Olivera\Mathias-Olivera,uy URU,DFMF,Getafe,20,1997,14,12,1007,0,1,0,0,6,1,0,0.09,0.09,0,0.09,0.4,0.4,1.2,0.04,0.12,0.16,0.04,0.16,Matches
385,Kenneth Omeruo\Kenneth-Omeruo,ng NGA,DF,Leganés,24,1993,28,27,2433,0,0,0,0,7,0,0,0,0,0,0,0.2,0.2,0.1,0.01,0,0.01,0.01,0.01,Matches
386,Fabián Orellana\Fabian-Orellana,cl CHI,MFFW,Eibar,32,1986,33,31,2733,3,5,1,1,4,0,0.1,0.16,0.26,0.07,0.23,6.7,6,4.6,0.22,0.15,0.37,0.2,0.35,Matches
387,Mikel Oyarzabal\Mikel-Oyarzabal,es ESP,FWMF,Real Sociedad,21,1997,37,36,3153,13,2,3,3,2,0,0.37,0.06,0.43,0.29,0.34,10,7.7,5,0.29,0.14,0.43,0.22,0.36,Matches
388,Fernando Pacheco\Fernando-Pacheco,es ESP,GK,Alavés,26,1992,35,35,3150,0,0,0,0,3,0,0,0,0,0,0,0,0,0.1,0,0,0,0,0,Matches
389,Rubén Pardo\Ruben-Pardo,es ESP,MFFW,Real Sociedad,25,1992,24,16,1368,1,2,0,0,3,0,0.07,0.13,0.2,0.07,0.2,0.9,0.9,2.7,0.06,0.18,0.24,0.06,0.24,Matches
390,Daniel Parejo\Daniel-Parejo,es ESP,MF,Valencia,29,1989,36,35,3061,9,7,5,6,5,1,0.26,0.21,0.47,0.12,0.32,7.5,2.9,7.2,0.22,0.21,0.43,0.09,0.3,Matches
391,Thomas Partey\Thomas-Partey,gh GHA,MF,Atlético Madrid,25,1993,32,22,2070,3,4,0,0,9,1,0.13,0.17,0.3,0.13,0.3,1.5,1.5,1.2,0.07,0.05,0.12,0.07,0.12,Matches
392,Gabriel Paulista\Gabriel-Paulista,br BRA,DF,Valencia,27,1990,30,30,2623,0,1,0,0,6,0,0,0.03,0.03,0,0.03,0.9,0.9,0.4,0.03,0.01,0.04,0.03,0.04,Matches
393,Alfonso Pedraza\Alfonso-Pedraza,es ESP,DFFW,Villarreal,22,1996,34,22,2095,3,3,0,0,3,0,0.13,0.13,0.26,0.13,0.26,2.4,2.4,3.9,0.1,0.17,0.27,0.1,0.27,Matches
394,Pedrosa\Pedrosa,es ESP,DF,Espanyol,20,1998,12,8,763,1,0,0,0,1,0,0.12,0,0.12,0.12,0.12,0.5,0.5,0.6,0.06,0.07,0.13,0.06,0.13,Matches
395,Rubén Peña\Ruben-Pena,es ESP,DF,Eibar,27,1991,31,30,2674,1,2,0,0,4,0,0.03,0.07,0.1,0.03,0.1,0.7,0.7,4.1,0.02,0.14,0.16,0.02,0.16,Matches
396,Carles Pérez\Carles-Perez,es ESP,FW,Barcelona,20,1998,1,0,18,0,0,0,0,0,0,0,0,0,0,0,0.1,0.1,0,0.37,0,0.37,0.37,0.37,Matches
397,Hernán Pérez\Hernan-Perez,py PAR,FWMF,Espanyol,29,1989,19,10,795,1,2,0,0,1,0,0.11,0.23,0.34,0.11,0.34,2,2,2.3,0.23,0.26,0.49,0.23,0.49,Matches
398,Rubén Pérez\Ruben-Perez,es ESP,MF,Leganés,29,1989,31,27,2474,0,0,0,0,7,1,0,0,0,0,0,0.4,0.4,1.4,0.01,0.05,0.07,0.01,0.07,Matches
399,Pablo Piatti\Pablo-Piatti,ar ARG,FWMF,Espanyol,29,1989,20,6,743,1,0,0,0,0,0,0.12,0,0.12,0.12,0.12,1.4,1.4,1.4,0.16,0.16,0.33,0.16,0.33,Matches
400,Cristiano Piccini\Cristiano-Piccini,it ITA,DF,Valencia,25,1992,23,21,1868,1,0,0,0,3,0,0.05,0,0.05,0.05,0.05,0.4,0.4,0.9,0.02,0.04,0.06,0.02,0.06,Matches
401,Tomás Pina Isla\Tomas-Pina-Isla,es ESP,MF,Alavés,30,1987,28,27,2340,2,0,0,0,13,0,0.08,0,0.08,0.08,0.08,1.5,1.5,1.5,0.06,0.06,0.12,0.06,0.12,Matches
402,Gerard Piqué\Gerard-Pique,es ESP,DF,Barcelona,31,1987,35,35,3150,4,2,0,0,6,0,0.11,0.06,0.17,0.11,0.17,3.7,3.7,1.5,0.11,0.04,0.15,0.11,0.15,Matches
403,Carles Planas\Carles-Planas,es ESP,DFMF,Girona,27,1991,7,4,419,0,1,0,0,3,0,0,0.21,0.21,0,0.21,0.1,0.1,0.4,0.03,0.08,0.11,0.03,0.11,Matches
404,Óscar Plano\Oscar-Plano,es ESP,MFFW,Valladolid,27,1991,33,30,2693,3,4,0,0,8,0,0.1,0.13,0.23,0.1,0.23,3.9,3.9,4.1,0.13,0.14,0.27,0.13,0.27,Matches
405,Stiven Plaza\Stiven-Plaza,ec ECU,FWMF,Valladolid,19,1999,2,0,38,0,0,0,0,0,0,0,0,0,0,0,0,0,0,0,0,0,0,0,Matches
406,Pere Pons\Pere-Pons,es ESP,MF,Girona,25,1993,34,32,2792,1,2,0,0,4,0,0.03,0.06,0.1,0.03,0.1,1.3,1.3,1.8,0.04,0.06,0.1,0.04,0.1,Matches
407,Pedro Porro\Pedro-Porro,es ESP,DFMF,Girona,18,1999,32,25,2211,0,4,0,0,4,0,0,0.16,0.16,0,0.16,0.9,0.9,2.3,0.04,0.09,0.13,0.04,0.13,Matches
408,Francisco Portillo\Francisco-Portillo,es ESP,MFFW,Getafe,28,1990,32,19,1994,1,4,0,0,3,1,0.05,0.18,0.23,0.05,0.23,0.7,0.7,2.3,0.03,0.1,0.14,0.03,0.14,Matches
409,Portu\Portu,es ESP,FWMF,Girona,26,1992,34,33,2821,9,2,1,1,3,0,0.29,0.06,0.35,0.26,0.32,8.4,7.6,3.2,0.27,0.1,0.37,0.24,0.35,Matches
410,Sergio Postigo\Sergio-Postigo,es ESP,DF,Levante,29,1988,21,17,1449,1,1,0,0,4,1,0.06,0.06,0.12,0.06,0.12,0.2,0.2,0.8,0.01,0.05,0.06,0.01,0.06,Matches
411,José Pozo\Jose-Pozo,es ESP,MFFW,Rayo Vallecano,22,1996,29,16,1617,3,0,0,0,4,0,0.17,0,0.17,0.17,0.17,2.5,2.5,1.4,0.14,0.08,0.21,0.14,0.21,Matches
412,Sanjin Prcić\Sanjin-Prcic,ba BIH,MF,Levante,24,1993,10,6,532,0,0,0,0,3,0,0,0,0,0,0,0.2,0.2,0.1,0.04,0.01,0.05,0.04,0.05,Matches
413,Quincy Promes\Quincy-Promes,nl NED,DFMF,Sevilla,26,1992,33,15,1583,2,3,0,1,2,0,0.11,0.17,0.28,0.11,0.28,3.2,2.3,3.4,0.18,0.2,0.38,0.13,0.33,Matches
414,Javi Puado\Javi-Puado,es ESP,FWMF,Espanyol,20,1998,15,2,359,0,0,0,0,0,0,0,0,0,0,0,0.6,0.6,0.7,0.15,0.18,0.32,0.15,0.32,Matches
415,Riqui Puig\Riqui-Puig,es ESP,MF,Barcelona,18,1999,2,2,156,0,0,0,0,0,0,0,0,0,0,0,0,0,0.6,0,0.32,0.32,0,0.32,Matches
416,Jorge Pulido\Jorge-Pulido,es ESP,DF,Huesca,27,1991,32,32,2785,3,3,0,0,9,2,0.1,0.1,0.19,0.1,0.19,1.9,1.9,0.9,0.06,0.03,0.09,0.06,0.09,Matches
417,Xavi Quintillà\Xavi-Quintilla,es ESP,DF,Villarreal,21,1996,7,7,627,0,0,0,0,1,0,0,0,0,0,0,0.1,0.1,0.4,0.02,0.05,0.07,0.02,0.07,Matches
418,Dani Raba\Dani-Raba,es ESP,MF,Villarreal,22,1995,8,2,191,0,1,0,0,0,0,0,0.47,0.47,0,0.47,0.1,0.1,0.7,0.06,0.34,0.4,0.06,0.4,Matches
419,Rafinha\Rafinha,br BRA,FWMF,Barcelona,25,1993,5,3,223,0,0,0,0,1,0,0,0,0,0,0,0.2,0.2,0.1,0.06,0.02,0.08,0.06,0.08,Matches
420,Ivan Rakitić\Ivan-Rakitic,hr CRO,MF,Barcelona,30,1988,34,29,2643,3,5,0,0,7,1,0.1,0.17,0.27,0.1,0.27,2.3,2.3,2.3,0.08,0.08,0.15,0.08,0.15,Matches
421,Jonás Ramalho\Jonas-Ramalho,es ESP,DF,Girona,25,1993,22,18,1619,1,0,0,0,4,0,0.06,0,0.06,0.06,0.06,0.5,0.5,0.1,0.03,0,0.03,0.03,0.03,Matches
422,Sandro Ramírez\Sandro-Ramirez,es ESP,FWMF,Real Sociedad,23,1995,24,10,1055,0,0,0,0,4,0,0,0,0,0,0,2.5,2.5,1.3,0.21,0.11,0.32,0.21,0.32,Matches
423,Iván Ramis\Ivan-Ramis,es ESP,DF,Eibar,33,1984,21,20,1677,0,0,0,0,4,0,0,0,0,0,0,0.7,0.7,0,0.04,0,0.04,0.04,0.04,Matches
424,Chris Ramos\Chris-Ramos,es ESP,FW,Valladolid,21,1997,1,1,63,0,0,0,0,0,0,0,0,0,0,0,0.1,0.1,0,0.07,0,0.07,0.07,0.07,Matches
425,Sergio Ramos\Sergio-Ramos,es ESP,DF,Real Madrid,32,1986,28,28,2474,6,1,5,5,7,1,0.22,0.04,0.25,0.04,0.07,6.9,3.1,0.8,0.25,0.03,0.28,0.11,0.14,Matches
426,Recio\Recio,es ESP,MF,Leganés,27,1991,18,15,1285,0,0,0,0,9,0,0,0,0,0,0,0.4,0.4,0.1,0.03,0.01,0.04,0.03,0.04,Matches
427,Sergio Reguilón\Sergio-Reguilon,es ESP,DF,Real Madrid,21,1996,14,13,1119,0,2,0,0,3,0,0,0.16,0.16,0,0.16,0.3,0.3,1.5,0.02,0.12,0.14,0.02,0.14,Matches
428,Diego Reyes\Diego-Reyes,mx MEX,DF,Leganés,25,1992,6,4,320,0,0,0,0,1,0,0,0,0,0,0,0,0,0.1,0.01,0.03,0.04,0.01,0.04,Matches
429,Mikel Rico\Mikel-Rico,es ESP,MF,Athletic Club,33,1984,4,3,242,0,0,0,0,0,0,0,0,0,0,0,0.4,0.4,0,0.14,0,0.15,0.14,0.15,Matches
430,Asier Riesgo\Asier-Riesgo,es ESP,GK,Eibar,34,1983,14,14,1260,0,0,0,0,1,0,0,0,0,0,0,0,0,0,0,0,0,0,0,Matches
431,Cristian Rivera\Cristian-Rivera,es ESP,MF,Huesca,21,1997,22,19,1692,2,0,0,0,2,0,0.11,0,0.11,0.11,0.11,1.1,1.1,0.7,0.06,0.04,0.09,0.06,0.09,Matches
432,Rober\Rober,es ESP,DF,Levante,23,1995,33,32,2854,1,0,0,0,6,0,0.03,0,0.03,0.03,0.03,0.9,0.9,0.4,0.03,0.01,0.04,0.03,0.04,Matches
433,Sergi Roberto\Sergi-Roberto,es ESP,DFMF,Barcelona,26,1992,29,23,2088,0,7,0,0,3,0,0,0.3,0.3,0,0.3,0.6,0.6,3.4,0.03,0.15,0.17,0.03,0.17,Matches
434,Patrick Roberts\Patrick-Roberts,eng ENG,FW,Girona,21,1997,19,6,601,0,0,0,0,0,0,0,0,0,0,0,0.8,0.8,0.5,0.12,0.07,0.19,0.12,0.19,Matches
435,Joel Robles\Joel-Robles,es ESP,GK,Betis,28,1990,5,5,450,0,0,0,0,0,0,0,0,0,0,0,0,0,0,0,0,0,0,0,Matches
436,Marc Roca\Marc-Roca,es ESP,MF,Espanyol,21,1996,35,35,3112,1,2,0,0,9,0,0.03,0.06,0.09,0.03,0.09,1.2,1.2,2.8,0.04,0.08,0.12,0.04,0.12,Matches
437,Rubén Rochina\Ruben-Rochina,es ESP,MF,Levante,27,1991,27,23,1800,4,5,0,0,13,2,0.2,0.25,0.45,0.2,0.45,2.3,2.3,4.5,0.12,0.23,0.34,0.12,0.34,Matches
438,Rodri\Rodri,es ESP,MF,Atlético Madrid,22,1996,34,32,2735,3,1,0,0,5,0,0.1,0.03,0.13,0.1,0.13,2.5,2.5,0.9,0.08,0.03,0.11,0.08,0.11,Matches
439,Rodrigo\Rodrigo,es ESP,FW,Valencia,27,1991,33,29,2528,8,6,0,1,5,1,0.28,0.21,0.5,0.28,0.5,13.3,12.6,3.8,0.48,0.13,0.61,0.45,0.58,Matches
440,Kévin Rodrigues\Kevin-Rodrigues,pt POR,DF,Real Sociedad,24,1994,7,5,484,0,0,0,0,1,0,0,0,0,0,0,0.1,0.1,0.6,0.01,0.11,0.12,0.01,0.12,Matches
441,Óscar Rodríguez Arnaiz\Oscar-Rodriguez-Arnaiz,es ESP,MFFW,Leganés,20,1998,31,29,2504,4,3,0,0,6,0,0.14,0.11,0.25,0.14,0.25,3.7,3.7,3.6,0.13,0.13,0.26,0.13,0.26,Matches
442,Ángel Rodríguez\Angel-Rodriguez,es ESP,FW,Getafe,31,1987,37,20,1819,8,3,0,0,4,0,0.4,0.15,0.54,0.4,0.54,8,8,3.2,0.4,0.16,0.56,0.4,0.56,Matches
443,Marko Rog\Marko-Rog,hr CRO,MF,Sevilla,23,1995,10,4,357,0,0,0,0,5,0,0,0,0,0,0,0,0,0.1,0.01,0.02,0.04,0.01,0.04,Matches
444,Diego Rolán\Diego-Rolan,uy URU,FWMF,Alavés,25,1993,9,3,298,0,0,0,0,1,0,0,0,0,0,0,0.6,0.6,0.1,0.18,0.04,0.21,0.18,0.21,Matches
445,Diego Rolán\Diego-Rolan,uy URU,MFDF,Leganés,25,1993,6,2,215,0,0,0,0,0,0,0,0,0,0,0,0.1,0.1,0.3,0.03,0.12,0.15,0.03,0.15,Matches
446,Facundo Roncaglia\Facundo-Roncaglia,ar ARG,DF,Celta Vigo,31,1987,12,12,1070,0,0,0,0,3,0,0,0,0,0,0,0,0,0.1,0,0.01,0.01,0,0.01,Matches
447,Facundo Roncaglia\Facundo-Roncaglia,ar ARG,DF,Valencia,31,1987,7,7,601,0,0,0,0,5,1,0,0,0,0,0,0.3,0.3,0,0.04,0,0.04,0.04,0.04,Matches
448,Roberto Rosales\Roberto-Rosales,ve VEN,DF,Espanyol,29,1988,21,20,1749,3,1,0,0,2,0,0.15,0.05,0.21,0.15,0.21,0.7,0.7,1,0.04,0.05,0.09,0.04,0.09,Matches
449,Waldo Rubio\Waldo-Rubio,es ESP,MFFW,Valladolid,22,1995,8,5,492,1,0,0,0,1,0,0.18,0,0.18,0.18,0.18,0.4,0.4,0.3,0.08,0.05,0.13,0.08,0.13,Matches
450,Abel Ruiz\Abel-Ruiz,es ESP,FW,Barcelona,18,2000,1,0,22,0,0,0,0,0,0,0,0,0,0,0,0.2,0.2,0.1,0.68,0.42,1.1,0.68,1.1,Matches
451,Víctor Ruiz\Victor-Ruiz,es ESP,DF,Villarreal,29,1989,22,22,1975,0,0,0,0,10,0,0,0,0,0,0,0.4,0.4,0.3,0.02,0.01,0.03,0.02,0.03,Matches
452,Gerónimo Rulli\Geronimo-Rulli,ar ARG,GK,Real Sociedad,26,1992,27,27,2430,0,0,0,0,3,0,0,0,0,0,0,0,0,0.1,0,0,0,0,0,Matches
453,Samuel Sáiz\Samuel-Saiz,es ESP,FWMF,Getafe,27,1991,10,2,305,1,0,0,0,2,0,0.3,0,0.3,0.3,0.3,0.3,0.3,0.2,0.1,0.06,0.16,0.1,0.16,Matches
454,Mikel San José\Mikel-San-Jose,es ESP,MF,Athletic Club,29,1989,33,16,1733,0,0,0,0,7,0,0,0,0,0,0,0.9,0.9,1.4,0.05,0.07,0.12,0.05,0.12,Matches
455,Antonio Sanabria\Antonio-Sanabria,py PAR,FW,Betis,22,1996,15,8,811,2,0,1,1,2,0,0.22,0,0.22,0.11,0.11,4.2,3.5,0.1,0.47,0.01,0.47,0.38,0.39,Matches
456,Javi Sánchez\Javi-Sanchez,es ESP,DF,Real Madrid,21,1997,1,0,46,0,0,0,0,1,0,0,0,0,0,0,0,0,0,0,0,0,0,0,Matches
457,Víctor Sánchez\Victor-Sanchez,es ESP,MF,Espanyol,30,1987,24,13,1265,0,2,0,0,9,0,0,0.14,0.14,0,0.14,0.5,0.5,0.7,0.03,0.05,0.08,0.03,0.08,Matches
458,Luca Sangalli\Luca-Sangalli,es ESP,MFFW,Real Sociedad,23,1995,18,12,999,1,3,0,0,0,0,0.09,0.27,0.36,0.09,0.36,1.1,1.1,1.3,0.1,0.11,0.22,0.1,0.22,Matches
459,Nicola Sansone\Nicola-Sansone,it ITA,FWMF,Villarreal,26,1991,3,0,37,1,1,0,0,1,0,2.43,2.43,4.86,2.43,4.86,0.1,0.1,0.1,0.24,0.25,0.5,0.24,0.5,Matches
460,Roberto Santamaría\Roberto-Santamaria,es ESP,GK,Huesca,33,1985,20,20,1800,0,0,0,0,1,0,0,0,0,0,0,0,0,0,0,0,0,0,0,Matches
461,Michael Santos\Michael-Santos,uy URU,FWMF,Leganés,25,1993,16,5,557,1,3,0,0,4,0,0.16,0.48,0.65,0.16,0.65,1.6,1.6,0.9,0.25,0.15,0.4,0.25,0.4,Matches
462,Pablo Sarabia\Pablo-Sarabia,es ESP,MFFW,Sevilla,26,1992,33,30,2724,13,13,1,1,9,0,0.43,0.43,0.86,0.4,0.83,10.8,10,9.2,0.36,0.3,0.66,0.33,0.63,Matches
463,Lluís Sastre\Lluis-Sastre,es ESP,MF,Huesca,32,1986,4,1,120,0,0,0,0,0,0,0,0,0,0,0,0,0,0,0,0.02,0.02,0,0.02,Matches
464,Stefan Savić\Stefan-Savic,me MNE,DF,Atlético Madrid,27,1991,18,17,1398,0,2,0,0,5,1,0,0.13,0.13,0,0.13,0.8,0.8,0.1,0.05,0.01,0.06,0.05,0.06,Matches
465,Alfa Semedo\Alfa-Semedo,pt POR,MF,Espanyol,20,1997,3,0,45,0,0,0,0,1,0,0,0,0,0,0,0,0,0,0.05,0.04,0.09,0.05,0.09,Matches
466,Nélson Semedo\Nelson-Semedo,pt POR,DF,Barcelona,24,1993,26,20,1600,1,0,0,0,4,0,0.06,0,0.06,0.06,0.06,0.5,0.5,0.4,0.03,0.02,0.05,0.03,0.05,Matches
467,Rúben Semedo\Ruben-Semedo,pt POR,DF,Huesca,24,1994,11,9,850,0,0,0,0,4,0,0,0,0,0,0,0.5,0.5,0,0.06,0,0.06,0.06,0.06,Matches
468,Paik Seung-ho\Paik-Seung-ho,kr KOR,FWMF,Girona,21,1997,3,0,60,0,0,0,0,0,0,0,0,0,0,0,0,0,0,0.04,0,0.04,0.04,0.04,Matches
469,Gaku Shibasaki\Gaku-Shibasaki,jp JPN,MFFW,Getafe,26,1992,7,5,389,0,0,0,0,0,0,0,0,0,0,0,0.4,0.4,0.1,0.08,0.02,0.1,0.08,0.1,Matches
470,Sidnei\Sidnei,br BRA,DF,Betis,28,1989,24,20,1742,1,0,0,0,4,0,0.05,0,0.05,0.05,0.05,1.3,1.3,0.1,0.07,0,0.07,0.07,0.07,Matches
471,André Silva\Andre-Silva,pt POR,FW,Sevilla,22,1995,27,25,2159,9,0,0,0,4,0,0.38,0,0.38,0.38,0.38,9.6,9.6,4,0.4,0.17,0.57,0.4,0.57,Matches
472,Jonathan Silva\Jonathan-Silva,ar ARG,DF,Leganés,24,1994,30,30,2700,3,6,0,0,9,0,0.1,0.2,0.3,0.1,0.3,1.6,1.6,3.4,0.05,0.11,0.17,0.05,0.17,Matches
473,Moses Simon\Moses-Simon,ng NGA,DFMF,Levante,23,1995,19,8,785,0,1,0,0,1,0,0,0.11,0.11,0,0.11,1.1,1.1,0.5,0.13,0.06,0.19,0.13,0.19,Matches
474,Unai Simón\Unai-Simon,es ESP,GK,Athletic Club,21,1997,7,7,630,0,0,0,0,2,0,0,0,0,0,0,0,0,0,0,0,0,0,0,Matches
475,Dimitris Siovas\Dimitris-Siovas,gr GRE,DF,Leganés,29,1988,34,34,2962,1,0,0,0,5,0,0.03,0,0.03,0.03,0.03,1.6,1.6,1.3,0.05,0.04,0.09,0.05,0.09,Matches
476,Pione Sisto\Pione-Sisto,dk DEN,FWMF,Celta Vigo,23,1995,25,8,844,2,1,0,0,0,0,0.21,0.11,0.32,0.21,0.32,1.4,1.4,1.2,0.15,0.13,0.27,0.15,0.27,Matches
477,Antonio Sivera\Antonio-Sivera,es ESP,GK,Alavés,21,1996,3,3,270,0,0,0,0,0,0,0,0,0,0,0,0,0,0.1,0,0.04,0.04,0,0.04,Matches
478,Rubén Sobrino\Ruben-Sobrino,es ESP,FWMF,Alavés,26,1992,20,10,965,3,1,0,0,2,0,0.28,0.09,0.37,0.28,0.37,2.3,2.3,1.1,0.22,0.1,0.32,0.22,0.32,Matches
479,Rubén Sobrino\Ruben-Sobrino,es ESP,FWMF,Valencia,26,1992,4,2,193,0,0,0,0,1,0,0,0,0,0,0,0.2,0.2,0.1,0.11,0.03,0.14,0.11,0.14,Matches
480,Alex Sola\Alex-Sola,es ESP,DF,Real Sociedad,19,1999,1,1,90,0,0,0,0,0,0,0,0,0,0,0,0.1,0.1,0.1,0.12,0.1,0.22,0.12,0.22,Matches
481,Andrés Solano\Andres-Solano,co COL,DF,Atlético Madrid,20,1998,1,1,45,0,0,0,0,0,0,0,0,0,0,0,0,0,0,0,0,0,0,0,Matches
482,Carlos Soler\Carlos-Soler,es ESP,MF,Valencia,21,1997,31,27,2460,2,6,0,0,9,0,0.07,0.22,0.29,0.07,0.29,3.1,3.1,3.9,0.11,0.14,0.26,0.11,0.26,Matches
483,Kévin Soni\Kevin-Soni,cm CMR,FWDF,Girona,20,1998,5,1,82,0,0,0,0,1,0,0,0,0,0,0,0.2,0.2,0.2,0.2,0.17,0.37,0.2,0.37,Matches
484,David Soria\David-Soria,es ESP,GK,Getafe,25,1993,37,37,3330,0,0,0,0,0,0,0,0,0,0,0,0,0,0.1,0,0,0,0,0,Matches
485,Juan Soriano\Juan-Soriano,es ESP,GK,Sevilla,20,1997,4,4,359,0,0,0,0,2,1,0,0,0,0,0,0,0,0,0,0,0,0,0,Matches
486,Cristhian Stuani\Cristhian-Stuani,uy URU,FW,Girona,31,1986,32,30,2729,19,0,5,5,9,0,0.63,0,0.63,0.46,0.46,12.3,8.7,1,0.41,0.03,0.44,0.29,0.32,Matches
487,Damián Suárez\Damian-Suarez,uy URU,DF,Getafe,30,1988,36,36,3240,0,3,0,0,13,0,0,0.08,0.08,0,0.08,0.5,0.5,4.3,0.02,0.12,0.13,0.02,0.13,Matches
488,Denis Suárez\Denis-Suarez,es ESP,MF,Barcelona,24,1994,2,0,19,0,0,0,0,0,0,0,0,0,0,0,0.3,0.3,0.1,1.56,0.41,1.97,1.56,1.97,Matches
489,Leonardo Suárez\Leonardo-Suarez,ar ARG,FWMF,Valladolid,22,1996,12,7,517,2,0,0,0,0,0,0.35,0,0.35,0.35,0.35,1.9,1.9,0.4,0.33,0.07,0.4,0.33,0.4,Matches
490,Luis Suárez\Luis-Suarez,uy URU,FW,Barcelona,31,1987,33,31,2827,21,6,4,4,5,0,0.67,0.19,0.86,0.54,0.73,21,18,6.5,0.67,0.21,0.88,0.57,0.78,Matches
491,Mario Suárez\Mario-Suarez,es ESP,MF,Rayo Vallecano,31,1987,14,11,1026,2,0,0,0,5,0,0.18,0,0.18,0.18,0.18,0.9,0.9,0.6,0.08,0.06,0.14,0.08,0.14,Matches
492,Markel Susaeta\Markel-Susaeta,es ESP,FW,Athletic Club,30,1987,22,15,1379,1,2,0,0,4,1,0.07,0.13,0.2,0.07,0.2,0.7,0.7,2.3,0.04,0.15,0.2,0.04,0.2,Matches
493,Rodrigo Tarín\Rodrigo-Tarin,es ESP,DF,Leganés,22,1996,18,15,1429,0,0,0,0,3,0,0,0,0,0,0,0.3,0.3,0,0.02,0,0.02,0.02,0.02,Matches
494,Cristian Tello\Cristian-Tello,es ESP,DFMF,Betis,26,1991,29,13,1573,4,6,0,0,3,0,0.23,0.34,0.57,0.23,0.57,3,3,2.7,0.17,0.16,0.33,0.17,0.33,Matches
495,Marc-André ter Stegen\Marc-Andre-ter-Stegen,de GER,GK,Barcelona,26,1992,35,35,3150,0,0,0,0,0,0,0,0,0,0,0,0,0,0,0,0,0,0,0,Matches
496,David Timor\David-Timor,es ESP,MFFW,Girona,28,1989,2,2,163,0,0,0,0,0,0,0,0,0,0,0,0.1,0.1,0.1,0.05,0.04,0.09,0.05,0.09,Matches
497,Tito\Tito,es ESP,DF,Rayo Vallecano,33,1985,15,12,1098,0,0,0,0,2,0,0,0,0,0,0,0.2,0.2,0.1,0.01,0.01,0.02,0.01,0.02,Matches
498,Jean-Clair Todibo\Jean-Clair-Todibo,fr FRA,DF,Barcelona,18,1999,2,2,157,0,0,0,0,2,0,0,0,0,0,0,0,0,0,0,0,0,0,0,Matches
499,Karl Toko Ekambi\Karl-Toko-Ekambi,cm CMR,FW,Villarreal,25,1992,34,24,2144,10,1,0,1,5,0,0.42,0.04,0.46,0.42,0.46,10.6,9.9,1.7,0.45,0.07,0.52,0.42,0.49,Matches
500,Raúl de Tomás\Raul-de-Tomas,es ESP,FW,Rayo Vallecano,23,1994,33,32,2813,14,1,0,0,5,0,0.45,0.03,0.48,0.45,0.48,12.3,12.3,1.8,0.39,0.06,0.45,0.39,0.45,Matches
501,Toño\Tono,es ESP,DFMF,Levante,28,1989,21,21,1763,2,2,0,0,4,0,0.1,0.1,0.2,0.1,0.2,1.3,1.3,1.5,0.06,0.07,0.14,0.06,0.14,Matches
502,Daniel Torres\Daniel-Torres,co COL,MF,Alavés,28,1989,2,1,71,0,0,0,0,1,0,0,0,0,0,0,0,0,0,0,0,0,0,0,Matches
503,Ferrán Torres\Ferran-Torres,es ESP,MFFW,Valencia,18,2000,24,8,850,2,1,0,0,5,0,0.21,0.11,0.32,0.21,0.32,1.6,1.6,1.5,0.17,0.16,0.33,0.17,0.33,Matches
504,Óscar Trejo\Oscar-Trejo,ar ARG,MFFW,Rayo Vallecano,30,1988,26,22,1764,1,4,1,1,7,1,0.05,0.2,0.26,0,0.2,2.2,1.4,2.4,0.11,0.12,0.23,0.07,0.2,Matches
505,Manu Trigueros\Manu-Trigueros,es ESP,MF,Villarreal,26,1991,24,18,1547,0,0,0,0,3,0,0,0,0,0,0,0.7,0.7,1.3,0.04,0.08,0.11,0.04,0.11,Matches
506,Patrick Twumasi\Patrick-Twumasi,gh GHA,MFFW,Alavés,24,1994,11,0,170,0,0,0,0,2,0,0,0,0,0,0,0.1,0.1,0.4,0.08,0.2,0.28,0.08,0.28,Matches
507,Samuel Umtiti\Samuel-Umtiti,fr FRA,DF,Barcelona,24,1993,14,13,1189,0,1,0,0,4,0,0,0.08,0.08,0,0.08,0.2,0.2,0.4,0.02,0.03,0.05,0.02,0.05,Matches
508,Enes Ünal\Enes-Unal,tr TUR,FW,Valladolid,21,1997,33,24,2148,6,3,3,3,7,0,0.25,0.13,0.38,0.13,0.25,7.4,5.2,1,0.31,0.04,0.36,0.22,0.26,Matches
509,Tomáš Vaclík\Tomas-Vaclik,cz CZE,GK,Sevilla,29,1989,33,33,2970,0,0,0,0,1,0,0,0,0,0,0,0,0,0,0,0,0,0,0,Matches
510,Valery\Valery,es ESP,DFMF,Girona,18,1999,17,10,888,0,1,0,0,2,0,0,0.1,0.1,0,0.1,0.1,0.1,0.8,0.01,0.08,0.09,0.01,0.09,Matches
511,Jesús Vallejo\Jesus-Vallejo,es ESP,DFMF,Real Madrid,21,1997,5,4,311,1,0,0,0,1,1,0.29,0,0.29,0.29,0.29,0.8,0.8,0,0.22,0,0.22,0.22,0.22,Matches
512,Federico Valverde\Federico-Valverde,uy URU,MF,Real Madrid,20,1998,16,6,656,0,0,0,0,4,0,0,0,0,0,0,0.1,0.1,0.4,0.02,0.06,0.07,0.02,0.07,Matches
513,Raphaël Varane\Raphael-Varane,fr FRA,DF,Real Madrid,25,1993,32,31,2754,2,0,0,0,0,1,0.07,0,0.07,0.07,0.07,2,2,0.2,0.07,0.01,0.07,0.07,0.07,Matches
514,Franco Vázquez\Franco-Vazquez,ar ARG,MFFW,Sevilla,29,1989,34,26,2280,3,4,0,0,8,1,0.12,0.16,0.28,0.12,0.28,5.1,5.1,4.2,0.2,0.17,0.37,0.2,0.37,Matches
515,Kevin Vázquez\Kevin-Vazquez,es ESP,DF,Celta Vigo,25,1993,4,2,220,0,0,0,0,0,0,0,0,0,0,0,0,0,0,0,0.02,0.02,0,0.02,Matches
516,Lucas Vázquez\Lucas-Vazquez,es ESP,FW,Real Madrid,27,1991,31,15,1510,1,3,0,0,6,1,0.06,0.18,0.24,0.06,0.24,2.6,2.6,4,0.15,0.24,0.39,0.15,0.39,Matches
517,Koke Vegas\Koke-Vegas,es ESP,GK,Levante,22,1995,1,1,90,0,0,0,0,0,0,0,0,0,0,0,0,0,0,0,0,0,0,0,Matches
518,Emiliano Velázquez\Emiliano-Velazquez,uy URU,DF,Rayo Vallecano,24,1994,18,14,1277,0,2,0,0,8,0,0,0.14,0.14,0,0.14,0.8,0.8,0.9,0.06,0.06,0.12,0.06,0.12,Matches
519,Daniele Verde\Daniele-Verde,it ITA,FWMF,Valladolid,22,1996,22,4,657,2,0,1,1,1,0,0.27,0,0.27,0.14,0.14,1.7,1,1.3,0.24,0.17,0.41,0.13,0.31,Matches
520,Thomas Vermaelen\Thomas-Vermaelen,be BEL,DF,Barcelona,32,1985,9,7,587,0,0,0,0,2,0,0,0,0,0,0,0.1,0.1,0,0.01,0,0.01,0.01,0.01,Matches
521,Mikel Vesga\Mikel-Vesga,es ESP,MF,Leganés,25,1993,26,23,2070,1,1,0,0,3,0,0.04,0.04,0.09,0.04,0.09,0.5,0.5,1.1,0.02,0.05,0.07,0.02,0.07,Matches
522,Rúben Vezo\Ruben-Vezo,pt POR,DF,Levante,24,1994,15,15,1339,2,1,0,0,4,0,0.13,0.07,0.2,0.13,0.2,0.6,0.6,0.8,0.04,0.06,0.1,0.04,0.1,Matches
523,Rúben Vezo\Ruben-Vezo,pt POR,DF,Valencia,24,1994,4,2,196,0,0,0,0,2,0,0,0,0,0,0,0.2,0.2,0.2,0.09,0.08,0.17,0.09,0.17,Matches
524,Aleix Vidal\Aleix-Vidal,es ESP,DFMF,Sevilla,28,1989,11,5,528,0,0,0,0,3,0,0,0,0,0,0,0.5,0.5,1.1,0.08,0.19,0.27,0.08,0.27,Matches
525,Arturo Vidal\Arturo-Vidal,cl CHI,MF,Barcelona,31,1987,33,22,1929,3,7,0,0,7,0,0.14,0.33,0.47,0.14,0.47,3.4,3.4,5,0.16,0.24,0.39,0.16,0.39,Matches
526,Carlos Vigaray\Carlos-Vigaray,es ESP,DF,Alavés,23,1994,8,7,647,0,0,0,0,1,0,0,0,0,0,0,0,0,0.3,0,0.05,0.05,0,0.05,Matches
527,Dídac Vilà\Didac-Vila,es ESP,DF,Espanyol,29,1989,27,27,2354,0,2,0,0,11,0,0,0.08,0.08,0,0.08,2.5,2.5,2.9,0.1,0.11,0.21,0.1,0.21,Matches
528,Toni Villa\Toni-Villa,es ESP,MFFW,Valladolid,23,1995,26,21,1762,2,2,0,0,3,0,0.1,0.1,0.2,0.1,0.2,2.9,2.9,2.1,0.15,0.11,0.26,0.15,0.26,Matches
529,Vitolo\Vitolo,es ESP,MFFW,Atlético Madrid,28,1989,20,5,753,0,1,0,0,1,0,0,0.12,0.12,0,0.12,0.6,0.6,1.1,0.07,0.13,0.19,0.07,0.19,Matches
530,Nikola Vukčević\Nikola-Vukcevic,me MNE,MF,Levante,26,1991,16,9,670,0,0,0,0,5,1,0,0,0,0,0,0,0,0.2,0,0.03,0.03,0,0.03,Matches
531,Moussa Wagué\Moussa-Wague,sn SEN,DF,Barcelona,19,1998,3,2,225,0,0,0,0,1,0,0,0,0,0,0,0.1,0.1,0.4,0.05,0.16,0.21,0.05,0.21,Matches
532,Wakaso\Wakaso,gh GHA,MF,Alavés,28,1990,29,18,1669,1,1,0,0,9,0,0.05,0.05,0.11,0.05,0.11,1.3,1.3,0.5,0.07,0.03,0.09,0.07,0.09,Matches
533,Daniel Wass\Daniel-Wass,dk DEN,DFMF,Valencia,29,1989,32,26,2354,1,3,0,0,4,0,0.04,0.11,0.15,0.04,0.15,1.6,1.6,4.1,0.06,0.15,0.22,0.06,0.22,Matches
534,Axel Werner\Axel-Werner,ar ARG,GK,Huesca,22,1996,6,6,540,0,0,0,0,0,0,0,0,0,0,0,0,0,0,0,0,0,0,0,Matches
535,Iñaki Williams\Inaki-Williams,es ESP,FW,Athletic Club,24,1994,38,36,3025,12,4,0,0,3,0,0.36,0.12,0.48,0.36,0.48,12,12,2.7,0.36,0.08,0.44,0.36,0.44,Matches
536,Maximilian Wöber\Maximilian-Wober,at AUT,DF,Sevilla,20,1998,7,6,536,0,0,0,0,2,0,0,0,0,0,0,0.2,0.2,0.3,0.03,0.05,0.08,0.03,0.08,Matches
537,Yoel\Yoel,es ESP,GK,Valladolid,29,1988,3,3,270,0,0,0,0,0,0,0,0,0,0,0,0,0,0,0,0,0,0,0,Matches
538,Okay Yokuşlu\Okay-Yokuslu,tr TUR,MF,Celta Vigo,24,1994,30,26,2198,2,0,0,0,10,0,0.08,0,0.08,0.08,0.08,1.7,1.7,0.5,0.07,0.02,0.09,0.07,0.09,Matches
539,Joseba Zaldúa\Joseba-Zaldua,es ESP,DF,Real Sociedad,26,1992,26,25,2139,1,2,0,0,7,0,0.04,0.08,0.13,0.04,0.13,0.1,0.1,2.6,0.01,0.11,0.12,0.01,0.12,Matches
540,Nabil El Zhar\Nabil-El-Zhar,ma MAR,MFFW,Leganés,31,1986,27,9,966,4,0,1,1,0,0,0.37,0,0.37,0.28,0.28,2.5,1.8,0.6,0.24,0.05,0.29,0.17,0.22,Matches
541,Luca Zidane\Luca-Zidane,fr FRA,GK,Real Madrid,20,1998,1,1,90,0,0,0,0,0,0,0,0,0,0,0,0,0,0,0,0,0,0,0,Matches
542,Igor Zubeldia\Igor-Zubeldia,es ESP,MF,Real Sociedad,21,1997,33,29,2549,0,1,0,0,7,0,0,0.04,0.04,0,0.04,0.7,0.7,0.5,0.02,0.02,0.04,0.02,0.04,Matches
543,Martín Zubimendi\Martin-Zubimendi,es ESP,MF,Real Sociedad,19,1999,1,0,7,0,0,0,0,0,0,0,0,0,0,0,0,0,0.1,0,1.5,1.5,0,1.5,Matches
544,David Zurutuza\David-Zurutuza,es ESP,MFFW,Real Sociedad,32,1986,21,13,1222,2,0,0,0,2,0,0.15,0,0.15,0.15,0.15,1.5,1.5,0.3,0.11,0.02,0.14,0.11,0.14,Matches